Frame,Tracker,Distance
0,Fused,20.396078054371138
0,CSRT,20.396078054371138
0,KCF,20.396078054371138
0,MIL,20.615528128088304
0,BOOSTING,19.4164878389476
0,MEDIANFLOW,19.6468827043885
1,Fused,17.0
1,CSRT,17.029386365926403
1,KCF,14.035668847618199
1,MIL,15.033296378372908
1,BOOSTING,15.033296378372908
1,MEDIANFLOW,15.0
2,Fused,16.0
2,CSRT,17.0
2,KCF,11.045361017187261
2,MIL,16.1245154965971
2,BOOSTING,14.035668847618199
2,MEDIANFLOW,16.0
3,Fused,18.788294228055936
3,CSRT,20.248456731316587
3,KCF,13.416407864998739
3,MIL,20.248456731316587
3,BOOSTING,21.470910553583888
3,MEDIANFLOW,19.235384061671343
4,Fused,13.601470508735444
4,CSRT,15.652475842498529
4,KCF,8.94427190999916
4,MIL,16.1245154965971
4,BOOSTING,17.69180601295413
4,MEDIANFLOW,16.401219466856727
5,Fused,17.08800749063506
5,CSRT,20.8806130178211
5,KCF,12.206555615733702
5,MIL,20.248456731316587
5,BOOSTING,21.02379604162864
5,MEDIANFLOW,21.93171219946131
6,Fused,13.152946437965905
6,CSRT,19.235384061671343
6,KCF,8.06225774829855
6,MIL,19.1049731745428
6,BOOSTING,12.649110640673518
6,MEDIANFLOW,18.973665961010276
7,Fused,22.47220505424423
7,CSRT,27.51363298439521
7,KCF,15.620499351813308
7,MIL,25.96150997149434
7,BOOSTING,26.248809496813376
7,MEDIANFLOW,26.832815729997478
8,Fused,40.11234224026316
8,CSRT,33.24154027718932
8,KCF,49.25444142409901
8,MIL,33.24154027718932
8,BOOSTING,50.00999900019995
8,MEDIANFLOW,34.713109915419565
9,Fused,5.385164807134504
9,CSRT,4.242640687119285
9,KCF,15.231546211727817
9,MIL,4.47213595499958
9,BOOSTING,15.0
9,MEDIANFLOW,8.06225774829855
10,Fused,14.7648230602334
10,CSRT,19.697715603592208
10,KCF,5.0990195135927845
10,MIL,17.0
10,BOOSTING,17.46424919657298
10,MEDIANFLOW,17.26267650163207
11,Fused,24.698178070456937
11,CSRT,29.5296461204668
11,KCF,12.806248474865697
11,MIL,26.92582403567252
11,BOOSTING,27.730849247724095
11,MEDIANFLOW,28.792360097775937
12,Fused,17.11724276862369
12,CSRT,13.341664064126334
12,KCF,28.0
12,MIL,11.180339887498949
12,BOOSTING,23.345235059857504
12,MEDIANFLOW,7.0710678118654755
13,Fused,58.249463516842795
13,CSRT,56.089214649520635
13,KCF,69.85699678629192
13,MIL,49.040799340956916
13,BOOSTING,59.53990258641679
13,MEDIANFLOW,49.64876634922564
14,Fused,67.08203932499369
14,CSRT,62.64982043070834
14,KCF,73.16419889536138
14,MIL,54.91812087098393
14,BOOSTING,87.55569655939013
14,MEDIANFLOW,53.600373133029585
15,Fused,36.40054944640259
15,CSRT,33.83784863137726
15,KCF,40.496913462633174
15,MIL,21.540659228538015
15,BOOSTING,50.96076922496363
15,MEDIANFLOW,23.600847442411894
16,Fused,5.0990195135927845
16,CSRT,30.083217912982647
16,KCF,30.463092423455635
16,MIL,30.463092423455635
16,BOOSTING,29.732137494637012
16,MEDIANFLOW,30.463092423455635
16,MOSSE,30.528675044947494
17,Fused,13.601470508735444
17,CSRT,6.082762530298219
17,KCF,6.324555320336759
17,MIL,5.0
17,BOOSTING,8.246211251235321
17,MEDIANFLOW,5.830951894845301
17,MOSSE,8.06225774829855
18,Fused,37.12142238654117
18,CSRT,37.013511046643494
18,KCF,36.124783736376884
18,MIL,34.0147027033899
18,BOOSTING,38.118237105091836
18,MEDIANFLOW,37.21558813185679
18,MOSSE,39.81205847478876
19,Fused,34.48187929913333
19,CSRT,38.47076812334269
19,KCF,38.63935817272331
19,MIL,36.22154055254967
19,BOOSTING,41.97618372363071
19,MEDIANFLOW,40.792156108742276
19,MOSSE,43.68065933568311
20,Fused,18.601075237738275
20,CSRT,10.816653826391969
20,KCF,12.529964086141668
20,MIL,12.041594578792296
20,BOOSTING,15.811388300841896
20,MEDIANFLOW,11.40175425099138
20,MOSSE,17.029386365926403
21,Fused,14.7648230602334
21,CSRT,13.892443989449804
21,KCF,16.64331697709324
21,MIL,8.48528137423857
21,BOOSTING,15.264337522473747
21,MEDIANFLOW,18.601075237738275
21,MOSSE,24.041630560342615
22,Fused,16.55294535724685
22,CSRT,13.038404810405298
22,KCF,12.165525060596439
22,MIL,14.7648230602334
22,BOOSTING,13.0
22,MEDIANFLOW,15.0
22,MOSSE,21.02379604162864
23,Fused,23.323807579381203
23,CSRT,23.323807579381203
23,KCF,14.866068747318506
23,MIL,35.11409973215888
23,BOOSTING,30.265491900843113
23,MEDIANFLOW,16.1245154965971
23,MOSSE,25.80697580112788
24,Fused,17.26267650163207
24,CSRT,11.40175425099138
24,KCF,2.8284271247461903
24,MIL,28.284271247461902
24,BOOSTING,17.88854381999832
24,MEDIANFLOW,8.246211251235321
24,MOSSE,27.51363298439521
25,Fused,10.04987562112089
25,CSRT,1.0
25,KCF,5.0
25,MIL,25.495097567963924
25,BOOSTING,15.556349186104045
25,MEDIANFLOW,6.708203932499369
25,MOSSE,18.027756377319946
26,Fused,43.01162633521314
26,CSRT,45.0111097397076
26,KCF,53.150729063673246
26,MIL,29.0
26,BOOSTING,58.137767414994535
26,MEDIANFLOW,52.23983154643591
26,MOSSE,52.392747589718944
27,Fused,49.01020301937138
27,CSRT,49.49747468305833
27,KCF,55.731499172371095
27,MIL,26.30589287593181
27,BOOSTING,46.09772228646444
27,MEDIANFLOW,55.036351623268054
27,MOSSE,62.96824596572466
28,Fused,41.30375285612676
28,CSRT,43.32435804486894
28,KCF,48.38388161361178
28,MIL,20.591260281974
28,BOOSTING,46.2709412050371
28,MEDIANFLOW,45.12205669071391
28,MOSSE,49.040799340956916
29,Fused,46.87216658103186
29,CSRT,52.55473337388365
29,KCF,55.362442142665635
29,MIL,27.294688127912362
29,BOOSTING,47.853944456021594
29,MEDIANFLOW,47.75981574503821
29,MOSSE,48.662100242385755
30,Fused,45.89117562233506
30,CSRT,49.39635614091387
30,KCF,55.02726596879042
30,MIL,30.4138126514911
30,BOOSTING,52.952809179494906
30,MEDIANFLOW,41.6293165929973
30,MOSSE,41.593268686170845
31,Fused,47.853944456021594
31,CSRT,51.07837115648854
31,KCF,58.52349955359813
31,MIL,30.083217912982647
31,BOOSTING,57.0350769263968
31,MEDIANFLOW,39.96248240537617
31,MOSSE,37.12142238654117
32,Fused,42.44997055358225
32,CSRT,46.06517122512408
32,KCF,54.56189146281496
32,MIL,28.231188426986208
32,BOOSTING,56.0
32,MEDIANFLOW,34.655446902326915
32,MOSSE,24.186773244895647
33,Fused,24.698178070456937
33,CSRT,36.40054944640259
33,KCF,39.698866482558415
33,MIL,9.219544457292887
33,BOOSTING,36.76955262170047
33,MEDIANFLOW,30.066592756745816
33,MOSSE,7.280109889280518
34,Fused,41.7612260356422
34,CSRT,52.20153254455275
34,KCF,57.982756057296896
34,MIL,29.068883707497267
34,BOOSTING,58.05170109479997
34,MEDIANFLOW,39.395431207184416
34,MOSSE,21.2602916254693
35,Fused,45.27692569068709
35,CSRT,64.88451279003334
35,KCF,62.93647591023825
35,MIL,34.713109915419565
35,BOOSTING,60.03332407921454
35,MEDIANFLOW,51.62363799656123
35,MOSSE,29.832867780352597
36,Fused,49.03060268852505
36,CSRT,72.03471385380801
36,KCF,63.8200595424354
36,MIL,42.7551166528639
36,BOOSTING,76.47875521999558
36,MEDIANFLOW,46.09772228646444
36,MOSSE,25.632011235952593
37,Fused,40.607881008493905
37,CSRT,44.9221548904324
37,KCF,57.982756057296896
37,MIL,52.009614495783374
37,BOOSTING,89.81091247727082
37,MEDIANFLOW,41.30375285612676
37,MOSSE,20.396078054371138
38,Fused,33.24154027718932
38,CSRT,52.46903848937962
38,KCF,58.0
38,MIL,49.040799340956916
38,BOOSTING,95.01578816175763
38,MEDIANFLOW,50.08991914547278
38,MOSSE,29.427877939124322
39,Fused,28.635642126552707
39,CSRT,2.8284271247461903
39,KCF,3.605551275463989
39,MIL,53.150729063673246
39,BOOSTING,103.00485425454472
39,MEDIANFLOW,3.605551275463989
39,MOSSE,6.082762530298219
40,Fused,36.76955262170047
40,CSRT,5.0990195135927845
40,KCF,4.47213595499958
40,MIL,58.52349955359813
40,BOOSTING,104.86181383134664
40,MEDIANFLOW,4.242640687119285
40,MOSSE,2.23606797749979
41,Fused,40.0
41,CSRT,11.40175425099138
41,KCF,5.385164807134504
41,MIL,56.4003546088143
41,BOOSTING,107.37783756436893
41,MEDIANFLOW,6.324555320336759
41,MOSSE,6.082762530298219
42,Fused,47.4236228055175
42,CSRT,18.601075237738275
42,KCF,5.830951894845301
42,MIL,62.177166226839255
42,BOOSTING,117.92370414806346
42,MEDIANFLOW,11.180339887498949
43,Fused,18.973665961010276
43,CSRT,17.4928556845359
43,KCF,10.816653826391969
43,MIL,7.0710678118654755
43,BOOSTING,7.810249675906654
43,MEDIANFLOW,25.0
44,Fused,15.524174696260024
44,CSRT,24.596747752497688
44,KCF,15.264337522473747
44,MIL,13.45362404707371
44,BOOSTING,7.0710678118654755
44,MEDIANFLOW,33.95585369269929
44,MOSSE,29.017236257093817
45,Fused,14.7648230602334
45,CSRT,36.24913792078372
45,KCF,18.601075237738275
45,MIL,23.53720459187964
45,BOOSTING,5.0990195135927845
45,MEDIANFLOW,41.48493702538308
45,MOSSE,32.01562118716424
46,Fused,12.36931687685298
46,CSRT,45.221676218380054
46,KCF,19.1049731745428
46,MIL,21.587033144922902
46,BOOSTING,7.211102550927978
46,MEDIANFLOW,50.28916384272063
46,MOSSE,35.4682957019364
47,Fused,12.649110640673518
47,CSRT,48.507731342539614
47,KCF,18.601075237738275
47,MIL,23.08679276123039
47,BOOSTING,29.966648127543394
47,MEDIANFLOW,55.02726596879042
47,MOSSE,38.01315561749642
48,Fused,19.79898987322333
48,CSRT,70.40596565632774
48,KCF,17.08800749063506
48,MIL,23.08679276123039
48,BOOSTING,39.0
48,MEDIANFLOW,57.9396237474839
48,MOSSE,46.22769732530488
49,Fused,29.832867780352597
49,CSRT,79.30952023559341
49,KCF,22.0
49,MIL,20.8806130178211
49,BOOSTING,49.193495504995376
49,MEDIANFLOW,60.08327554319921
49,MOSSE,57.38466694161429
50,Fused,37.64306044943742
50,CSRT,88.88756943465155
50,KCF,25.709920264364882
50,MIL,20.248456731316587
50,BOOSTING,58.137767414994535
50,MEDIANFLOW,62.36184731067546
50,MOSSE,67.89698078707183
51,Fused,41.400483088968905
51,CSRT,91.76055797563569
51,KCF,28.792360097775937
51,MIL,20.808652046684813
51,BOOSTING,70.26378868236469
51,MEDIANFLOW,68.41052550594829
51,MOSSE,73.59347797189639
52,Fused,38.27531841800928
52,CSRT,100.2845950283492
52,KCF,21.2602916254693
52,MIL,16.0
52,BOOSTING,70.09279563550022
52,MEDIANFLOW,78.29431652425353
52,MOSSE,71.02112361825881
53,Fused,41.0
53,CSRT,104.58011283222064
53,KCF,22.20360331117452
53,MIL,9.055385138137417
53,BOOSTING,77.46612162745726
53,MEDIANFLOW,85.42247947700886
53,MOSSE,74.70609078247904
54,Fused,44.14748010928823
54,CSRT,110.65260954898443
54,KCF,26.076809620810597
54,MIL,9.848857801796104
54,BOOSTING,81.78630692236935
54,MEDIANFLOW,92.13034245024816
54,MOSSE,80.05623023850174
55,Fused,48.507731342539614
55,CSRT,116.21101496846157
55,KCF,30.675723300355934
55,MIL,3.1622776601683795
55,BOOSTING,91.7877987534291
55,MEDIANFLOW,97.6165969494942
55,MOSSE,86.16263691415206
56,Fused,56.22277118748239
56,CSRT,132.24220203853233
56,KCF,40.26164427839479
56,MIL,5.0
56,BOOSTING,97.86725703727473
56,MEDIANFLOW,98.2700361249552
56,MOSSE,96.13532129243653
57,Fused,69.42621983083913
57,CSRT,135.36986370680884
57,KCF,40.52159917870962
57,MIL,3.1622776601683795
57,BOOSTING,99.84988733093293
57,MEDIANFLOW,6.0
57,MOSSE,98.35141076771599
58,Fused,83.19855767980596
58,CSRT,143.42245291445826
58,KCF,46.84015371452148
58,MIL,9.486832980505138
58,BOOSTING,107.91200118615167
58,MEDIANFLOW,9.219544457292887
58,MOSSE,104.35516278555652
59,Fused,84.64632301523794
59,CSRT,142.42541907960108
59,KCF,44.598206241955516
59,MIL,12.083045973594572
59,BOOSTING,111.01801655587259
59,MEDIANFLOW,7.280109889280518
59,MOSSE,104.67568963231147
60,Fused,85.90692637965812
60,CSRT,147.2175261305528
60,KCF,44.27188724235731
60,MIL,9.219544457292887
60,BOOSTING,114.73883387938018
60,MEDIANFLOW,4.0
60,MOSSE,106.60675400742676
61,Fused,88.11923740024082
61,CSRT,152.11837495845134
61,KCF,46.09772228646444
61,MIL,18.110770276274835
61,BOOSTING,117.42657280190033
61,MEDIANFLOW,2.23606797749979
61,MOSSE,110.35397591387454
62,Fused,88.95504482602435
62,CSRT,151.08275877809487
62,KCF,47.29693436154187
62,MIL,21.0
62,BOOSTING,120.41594578792295
62,MEDIANFLOW,4.123105625617661
62,MOSSE,113.26517558367179
63,Fused,87.5728268357257
63,CSRT,154.0811474515945
63,KCF,47.07440918375928
63,MIL,21.587033144922902
63,BOOSTING,122.2620137246234
63,MEDIANFLOW,5.0
63,MOSSE,114.75626344561765
64,Fused,95.63472172804185
64,CSRT,161.0496817755316
64,KCF,57.0701322935211
64,MIL,39.11521443121589
64,BOOSTING,132.24220203853233
64,MEDIANFLOW,4.47213595499958
64,MOSSE,124.53513560437472
65,Fused,94.76286192385707
65,CSRT,159.11316727411344
65,KCF,57.48912940721924
65,MIL,34.058772731852805
65,BOOSTING,128.47178678604885
65,MEDIANFLOW,3.1622776601683795
65,MOSSE,124.95199078045935
66,Fused,96.62815324738438
66,CSRT,159.07859692617356
66,KCF,62.369864518050704
66,MIL,30.59411708155671
66,BOOSTING,135.36986370680884
66,MEDIANFLOW,7.280109889280518
66,MOSSE,130.61393493804556
67,Fused,93.7709976485267
67,CSRT,159.11316727411344
67,KCF,60.63827174318213
67,MIL,30.265491900843113
67,BOOSTING,133.5402561027947
67,MEDIANFLOW,3.605551275463989
67,MOSSE,128.86038956948718
68,Fused,81.39410298049853
68,CSRT,151.33076356114773
68,KCF,51.24451190127583
68,MIL,4.123105625617661
68,BOOSTING,121.80722474467596
68,MEDIANFLOW,10.198039027185569
68,MOSSE,118.84864324004712
69,Fused,90.79647570252934
69,CSRT,162.15116404145854
69,KCF,59.43904440685432
69,MIL,16.76305461424021
69,BOOSTING,140.1748907615055
69,MEDIANFLOW,5.0990195135927845
69,MOSSE,129.07362240210043
70,Fused,79.51100552753688
70,CSRT,159.31415505221122
70,KCF,54.120236510939236
70,MIL,15.132745950421556
70,BOOSTING,142.22517358048822
70,MEDIANFLOW,6.708203932499369
70,MOSSE,126.84636376341263
71,Fused,90.2551937563706
71,CSRT,163.3064603743526
71,KCF,58.69412236331676
71,MIL,15.811388300841896
71,BOOSTING,128.09761902549164
71,MEDIANFLOW,6.4031242374328485
71,MOSSE,132.4424403278647
72,Fused,92.07062506576133
72,CSRT,168.35973390332975
72,KCF,62.0966987850401
72,MIL,20.248456731316587
72,BOOSTING,137.05838172107534
72,MEDIANFLOW,6.4031242374328485
72,MOSSE,136.12494260788506
73,Fused,108.04628637764465
73,CSRT,186.60385848100785
73,KCF,77.12976079309465
73,MIL,35.4400902933387
73,BOOSTING,154.30165261590687
73,MEDIANFLOW,10.198039027185569
73,MOSSE,153.37535656030275
74,Fused,103.9471019317037
74,CSRT,183.53473785635242
74,KCF,73.00684899377592
74,MIL,29.966648127543394
74,BOOSTING,152.31874474272692
74,MEDIANFLOW,7.211102550927978
74,MOSSE,149.46571513226704
75,Fused,49.47726750741192
75,CSRT,32.55764119219941
75,KCF,32.984845004941285
75,MIL,32.984845004941285
75,BOOSTING,27.202941017470888
75,MEDIANFLOW,32.984845004941285
75,MOSSE,35.84689665786984
76,Fused,15.620499351813308
76,CSRT,21.840329667841555
76,KCF,23.08679276123039
76,MIL,23.769728648009426
76,BOOSTING,20.8806130178211
76,MEDIANFLOW,22.47220505424423
76,MOSSE,24.698178070456937
77,Fused,10.295630140987
77,CSRT,21.587033144922902
77,KCF,23.08679276123039
77,MIL,23.40939982143925
77,BOOSTING,20.615528128088304
77,MEDIANFLOW,19.313207915827967
77,MOSSE,24.698178070456937
78,Fused,14.212670403551895
78,CSRT,24.331050121192877
78,KCF,25.298221281347036
78,MIL,26.248809496813376
78,BOOSTING,27.65863337187866
78,MEDIANFLOW,20.8806130178211
78,MOSSE,29.966648127543394
79,Fused,25.495097567963924
79,CSRT,13.892443989449804
79,KCF,17.4928556845359
79,MIL,16.401219466856727
79,BOOSTING,17.4928556845359
79,MEDIANFLOW,23.08679276123039
79,MOSSE,19.209372712298546
80,Fused,21.470910553583888
80,CSRT,22.80350850198276
80,KCF,21.540659228538015
80,MIL,26.0
80,BOOSTING,25.0
80,MEDIANFLOW,14.317821063276353
80,MOSSE,30.528675044947494
81,Fused,24.166091947189145
81,CSRT,18.973665961010276
81,KCF,19.313207915827967
81,MIL,24.166091947189145
81,BOOSTING,25.298221281347036
81,MEDIANFLOW,10.295630140987
81,MOSSE,28.844410203711913
82,Fused,13.601470508735444
82,CSRT,16.492422502470642
82,KCF,19.924858845171276
82,MIL,13.601470508735444
82,BOOSTING,14.560219778561036
82,MEDIANFLOW,28.0178514522438
82,MOSSE,16.64331697709324
83,Fused,29.966648127543394
83,CSRT,22.847319317591726
83,KCF,20.591260281974
83,MIL,29.068883707497267
83,BOOSTING,20.591260281974
83,MEDIANFLOW,8.602325267042627
83,MOSSE,34.40930106817051
84,Fused,28.635642126552707
84,CSRT,21.18962010041709
84,KCF,19.235384061671343
84,MIL,27.313000567495326
84,BOOSTING,19.235384061671343
84,MEDIANFLOW,3.1622776601683795
84,MOSSE,32.449961479175904
85,Fused,27.294688127912362
85,CSRT,31.32091952673165
85,KCF,33.24154027718932
85,MIL,27.294688127912362
85,BOOSTING,37.8549864614954
85,MEDIANFLOW,51.088159097779204
85,MOSSE,29.732137494637012
86,Fused,34.0147027033899
86,CSRT,27.313000567495326
86,KCF,24.596747752497688
86,MIL,32.64965543462902
86,BOOSTING,26.0
86,MEDIANFLOW,4.242640687119285
86,MOSSE,39.11521443121589
87,Fused,32.64965543462902
87,CSRT,26.40075756488817
87,KCF,23.706539182259394
87,MIL,30.01666203960727
87,BOOSTING,21.633307652783937
87,MEDIANFLOW,3.605551275463989
87,MOSSE,40.22437072223753
88,Fused,17.46424919657298
88,CSRT,11.40175425099138
88,KCF,14.035668847618199
88,MIL,15.297058540778355
88,BOOSTING,13.152946437965905
88,MEDIANFLOW,26.076809620810597
88,MOSSE,27.294688127912362
89,Fused,12.041594578792296
89,CSRT,8.06225774829855
89,KCF,10.816653826391969
89,MIL,13.0
89,BOOSTING,12.206555615733702
89,MEDIANFLOW,31.144823004794873
89,MOSSE,21.540659228538015
90,Fused,15.811388300841896
90,CSRT,11.40175425099138
90,KCF,11.180339887498949
90,MIL,15.652475842498529
90,BOOSTING,12.0
90,MEDIANFLOW,25.179356624028344
90,MOSSE,28.42534080710379
91,Fused,36.76955262170047
91,CSRT,32.57299494980466
91,KCF,30.463092423455635
91,MIL,35.34119409414458
91,BOOSTING,29.068883707497267
91,MEDIANFLOW,3.605551275463989
91,MOSSE,48.76474136094644
92,Fused,16.401219466856727
92,CSRT,12.041594578792296
92,KCF,12.083045973594572
92,MIL,13.892443989449804
92,BOOSTING,12.0
92,MEDIANFLOW,28.635642126552707
92,MOSSE,30.4138126514911
93,Fused,14.317821063276353
93,CSRT,10.816653826391969
93,KCF,13.601470508735444
93,MIL,16.76305461424021
93,BOOSTING,21.2602916254693
93,MEDIANFLOW,40.311288741492746
93,MOSSE,24.351591323771842
94,Fused,15.264337522473747
94,CSRT,10.63014581273465
94,KCF,11.40175425099138
94,MIL,16.55294535724685
94,BOOSTING,12.529964086141668
94,MEDIANFLOW,30.59411708155671
94,MOSSE,30.4138126514911
95,Fused,14.422205101855956
95,CSRT,12.206555615733702
95,KCF,15.0
95,MIL,16.64331697709324
95,BOOSTING,21.95449840010015
95,MEDIANFLOW,46.69047011971501
95,MOSSE,21.587033144922902
96,Fused,32.31098884280702
96,CSRT,31.78049716414141
96,KCF,26.92582403567252
96,MIL,32.69556544854363
96,BOOSTING,23.323807579381203
96,MEDIANFLOW,12.727922061357855
96,MOSSE,46.95742752749558
97,Fused,34.48187929913333
97,CSRT,31.400636936215164
97,KCF,29.120439557122072
97,MIL,33.24154027718932
97,BOOSTING,32.31098884280702
97,MEDIANFLOW,15.264337522473747
97,MOSSE,47.92702786528704
98,Fused,18.027756377319946
98,CSRT,16.76305461424021
98,KCF,14.866068747318506
98,MIL,19.849433241279208
98,BOOSTING,12.083045973594572
98,MEDIANFLOW,28.635642126552707
98,MOSSE,32.202484376209235
99,Fused,19.697715603592208
99,CSRT,16.492422502470642
99,KCF,17.0
99,MIL,22.20360331117452
99,BOOSTING,17.804493814764857
99,MEDIANFLOW,30.528675044947494
99,MOSSE,34.9857113690718
100,Fused,16.278820596099706
100,CSRT,14.7648230602334
100,KCF,12.529964086141668
100,MIL,20.0
100,BOOSTING,18.439088914585774
100,MEDIANFLOW,37.69615364994153
100,MOSSE,31.827660925679098
101,Fused,39.84971769034255
101,CSRT,39.293765408777
101,KCF,33.24154027718932
101,MIL,43.08131845707603
101,BOOSTING,38.07886552931954
101,MEDIANFLOW,18.867962264113206
101,MOSSE,55.00909015790027
102,Fused,23.600847442411894
102,CSRT,23.323807579381203
102,KCF,18.601075237738275
102,MIL,29.206163733020468
102,BOOSTING,24.08318915758459
102,MEDIANFLOW,43.86342439892262
102,MOSSE,40.311288741492746
103,Fused,40.718546143004666
103,CSRT,38.07886552931954
103,KCF,33.12099032335839
103,MIL,45.617978911828175
103,BOOSTING,42.05948168962618
103,MEDIANFLOW,31.400636936215164
103,MOSSE,54.644304369257
104,Fused,32.64965543462902
104,CSRT,30.610455730027933
104,KCF,26.40075756488817
104,MIL,37.64306044943742
104,BOOSTING,31.827660925679098
104,MEDIANFLOW,45.69463863518345
104,MOSSE,48.83646178829912
105,Fused,38.01315561749642
105,CSRT,35.0
105,KCF,28.319604517012593
105,MIL,43.829214001622255
105,BOOSTING,37.8021163428716
105,MEDIANFLOW,41.593268686170845
105,MOSSE,53.03772242470448
106,Fused,27.892651361962706
106,CSRT,27.202941017470888
106,KCF,30.528675044947494
106,MIL,29.068883707497267
106,BOOSTING,29.410882339705484
106,MEDIANFLOW,80.8084154033477
106,MOSSE,43.01162633521314
107,Fused,48.877397639399746
107,CSRT,48.877397639399746
107,KCF,42.43819034784589
107,MIL,55.072679252057455
107,BOOSTING,47.70744176750625
107,MEDIANFLOW,40.8166632639171
107,MOSSE,66.06814663663572
108,Fused,23.259406699226016
108,CSRT,25.495097567963924
108,KCF,17.204650534085253
108,MIL,30.870698080866262
108,BOOSTING,22.47220505424423
108,MEDIANFLOW,68.5054742338158
108,MOSSE,42.44997055358225
109,Fused,13.892443989449804
109,CSRT,18.027756377319946
109,KCF,13.152946437965905
109,MIL,20.518284528683193
109,BOOSTING,16.55294535724685
109,MEDIANFLOW,83.6301381082203
109,MOSSE,37.73592452822641
110,Fused,34.88552708502482
110,CSRT,39.824615503479755
110,KCF,31.064449134018133
110,MIL,45.18849411078001
110,BOOSTING,42.190046219457976
110,MEDIANFLOW,62.68173577685928
110,MOSSE,57.48912940721924
111,Fused,19.313207915827967
111,CSRT,23.259406699226016
111,KCF,19.235384061671343
111,MIL,26.40075756488817
111,BOOSTING,26.40075756488817
111,MEDIANFLOW,85.90692637965812
111,MOSSE,43.829214001622255
112,Fused,24.758836806279895
112,CSRT,28.319604517012593
112,KCF,21.633307652783937
112,MIL,35.0
112,BOOSTING,36.124783736376884
112,MEDIANFLOW,77.89736837660179
112,MOSSE,48.27007354458868
113,Fused,26.40075756488817
113,CSRT,29.206163733020468
113,KCF,22.360679774997898
113,MIL,34.655446902326915
113,BOOSTING,37.53664875824692
113,MEDIANFLOW,80.49844718999243
113,MOSSE,50.47771785649585
114,Fused,33.015148038438355
114,CSRT,39.408120990476064
114,KCF,31.144823004794873
114,MIL,42.5440947723653
114,BOOSTING,44.204072210600685
114,MEDIANFLOW,76.32168761236873
114,MOSSE,59.39696961966999
115,Fused,20.248456731316587
115,CSRT,27.784887978899608
115,KCF,21.587033144922902
115,MIL,29.832867780352597
115,BOOSTING,31.906112267087632
115,MEDIANFLOW,98.41239759298622
115,MOSSE,47.41307836451879
116,Fused,25.709920264364882
116,CSRT,33.54101966249684
116,KCF,28.284271247461902
116,MIL,33.015148038438355
116,BOOSTING,35.34119409414458
116,MEDIANFLOW,97.6933979345585
116,MOSSE,53.225933528685054
117,Fused,24.698178070456937
117,CSRT,34.828149534535996
117,KCF,28.653097563788805
117,MIL,35.38361202590826
117,BOOSTING,38.28837943815329
117,MEDIANFLOW,98.38699100999075
117,MOSSE,54.644304369257
118,Fused,13.0
118,CSRT,22.67156809750927
118,KCF,16.76305461424021
118,MIL,25.612496949731394
118,BOOSTING,33.97057550292606
118,MEDIANFLOW,115.00434774390054
118,MOSSE,43.266615305567875
119,Fused,30.479501308256342
119,CSRT,42.80186911806539
119,KCF,35.38361202590826
119,MIL,46.32493928760188
119,BOOSTING,49.64876634922564
119,MEDIANFLOW,102.08329931972223
119,MOSSE,62.24146527838174
120,Fused,19.4164878389476
120,CSRT,27.51363298439521
120,KCF,25.019992006393608
120,MIL,27.784887978899608
120,BOOSTING,31.38470965295043
120,MEDIANFLOW,128.94960255851896
120,MOSSE,46.8187996428785
121,Fused,15.132745950421556
121,CSRT,26.076809620810597
121,KCF,20.615528128088304
121,MIL,27.586228448267445
121,BOOSTING,36.796738985948195
121,MEDIANFLOW,127.01574705523721
121,MOSSE,45.17742799230607
122,Fused,21.95449840010015
122,CSRT,35.4682957019364
122,KCF,27.730849247724095
122,MIL,38.948684188300895
122,BOOSTING,45.60701700396552
122,MEDIANFLOW,125.67020331009256
122,MOSSE,54.08326913195984
123,Fused,21.95449840010015
123,CSRT,37.64306044943742
123,KCF,28.30194339616981
123,MIL,39.05124837953327
123,BOOSTING,47.634021455258214
123,MEDIANFLOW,134.6142637315972
123,MOSSE,55.47071299343465
124,Fused,23.021728866442675
124,CSRT,38.18376618407357
124,KCF,29.410882339705484
124,MIL,39.408120990476064
124,BOOSTING,53.823786563191554
124,MEDIANFLOW,136.0
124,MOSSE,56.61271941887264
125,Fused,24.758836806279895
125,CSRT,39.6232255123179
125,KCF,29.732137494637012
125,MIL,44.40720662234904
125,BOOSTING,55.226805085936306
125,MEDIANFLOW,137.05838172107534
125,MOSSE,58.412327466040935
126,Fused,21.95449840010015
126,CSRT,37.53664875824692
126,KCF,27.784887978899608
126,MIL,39.05124837953327
126,BOOSTING,53.600373133029585
126,MEDIANFLOW,150.7647173578752
126,MOSSE,56.859475903318
127,Fused,21.633307652783937
127,CSRT,39.59797974644666
127,KCF,28.600699292150182
127,MIL,41.400483088968905
127,BOOSTING,55.47071299343465
127,MEDIANFLOW,156.58863304850706
127,MOSSE,58.008620049092706
128,Fused,21.2602916254693
128,CSRT,40.607881008493905
128,KCF,30.4138126514911
128,MIL,42.5440947723653
128,BOOSTING,57.706152185014034
128,MEDIANFLOW,161.24515496597098
128,MOSSE,59.464274989274024
129,Fused,20.518284528683193
129,CSRT,40.45985664828782
129,KCF,29.732137494637012
129,MIL,43.56604182158393
129,BOOSTING,59.682493245507096
129,MEDIANFLOW,163.8566446623389
129,MOSSE,60.30754513325841
130,Fused,21.2602916254693
130,CSRT,41.773197148410844
130,KCF,31.144823004794873
130,MIL,45.48626166217664
130,BOOSTING,61.05735008989499
130,MEDIANFLOW,171.35343591536179
130,MOSSE,61.71709649683789
131,Fused,19.4164878389476
131,CSRT,40.311288741492746
131,KCF,30.479501308256342
131,MIL,44.40720662234904
131,BOOSTING,60.207972893961475
131,MEDIANFLOW,179.82491484774852
131,MOSSE,61.220911460055866
132,Fused,21.633307652783937
132,CSRT,43.86342439892262
132,KCF,32.64965543462902
132,MIL,48.60041152089147
132,BOOSTING,61.29437168288782
132,MEDIANFLOW,183.3712082089225
132,MOSSE,64.66065264130884
133,Fused,15.811388300841896
133,CSRT,40.45985664828782
133,KCF,30.4138126514911
133,MIL,46.32493928760188
133,BOOSTING,54.20332093147061
133,MEDIANFLOW,194.58931111445972
133,MOSSE,61.61980201201558
134,Fused,50.0
134,CSRT,43.93176527297759
134,KCF,31.240998703626616
134,MIL,48.010415536631214
134,BOOSTING,53.25410782277739
134,MEDIANFLOW,57.56735185849702
134,MOSSE,63.89053137985315
135,Fused,59.20304046246274
135,CSRT,37.53664875824692
135,KCF,28.30194339616981
135,MIL,40.36087214122113
135,BOOSTING,49.20365840057018
135,MEDIANFLOW,52.20153254455275
135,MOSSE,59.64059020499378
136,Fused,69.40461079784254
136,CSRT,43.139309220245984
136,KCF,32.449961479175904
136,MIL,46.861498055439924
136,BOOSTING,56.61271941887264
136,MEDIANFLOW,58.309518948453004
136,MOSSE,64.20280367709809
137,Fused,70.7248188403477
137,CSRT,46.09772228646444
137,KCF,34.655446902326915
137,MIL,50.21951811795888
137,BOOSTING,53.25410782277739
137,MEDIANFLOW,62.96824596572466
137,MOSSE,67.26812023536856
138,Fused,64.35060217278468
138,CSRT,43.41658669218482
138,KCF,31.144823004794873
138,MIL,49.64876634922564
138,BOOSTING,53.0
138,MEDIANFLOW,59.77457653551382
138,MOSSE,63.702433234531945
139,Fused,47.4236228055175
139,CSRT,32.202484376209235
139,KCF,22.80350850198276
139,MIL,36.76955262170047
139,BOOSTING,32.55764119219941
139,MEDIANFLOW,44.01136216933077
139,MOSSE,52.478567053607705
140,Fused,45.27692569068709
140,CSRT,32.802438933713454
140,KCF,23.769728648009426
140,MIL,38.18376618407357
140,BOOSTING,36.069377593742864
140,MEDIANFLOW,43.657759905886145
140,MOSSE,53.0
141,Fused,44.82186966202994
141,CSRT,33.24154027718932
141,KCF,22.360679774997898
141,MIL,39.05124837953327
141,BOOSTING,36.124783736376884
141,MEDIANFLOW,45.880278987817846
141,MOSSE,53.009433122794285
142,Fused,44.654227123532216
142,CSRT,33.421549934136806
142,KCF,23.021728866442675
142,MIL,40.22437072223753
142,BOOSTING,31.240998703626616
142,MEDIANFLOW,50.00999900019995
142,MOSSE,53.150729063673246
143,Fused,48.877397639399746
143,CSRT,38.01315561749642
143,KCF,26.870057685088806
143,MIL,47.50789408087881
143,BOOSTING,40.496913462633174
143,MEDIANFLOW,55.10898293381942
143,MOSSE,57.28001396647874
144,Fused,46.09772228646444
144,CSRT,37.12142238654117
144,KCF,23.600847442411894
144,MIL,44.28317965096906
144,BOOSTING,34.438350715445125
144,MEDIANFLOW,54.08326913195984
144,MOSSE,52.49761899362675
145,Fused,46.51881339845203
145,CSRT,37.589892258425
145,KCF,24.413111231467404
145,MIL,45.617978911828175
145,BOOSTING,36.235341863986875
145,MEDIANFLOW,55.226805085936306
145,MOSSE,52.40229002629561
146,Fused,44.294469180700204
146,CSRT,34.132096331752024
146,KCF,22.627416997969522
146,MIL,41.677331968349414
146,BOOSTING,35.35533905932738
146,MEDIANFLOW,52.23983154643591
146,MOSSE,50.91168824543142
147,Fused,43.829214001622255
147,CSRT,32.449961479175904
147,KCF,21.2602916254693
147,MIL,41.182520563948
147,BOOSTING,30.886890422961002
147,MEDIANFLOW,51.24451190127583
147,MOSSE,49.49747468305833
148,Fused,51.478150704935004
148,CSRT,37.12142238654117
148,KCF,23.600847442411894
148,MIL,45.617978911828175
148,BOOSTING,41.23105625617661
148,MEDIANFLOW,55.226805085936306
148,MOSSE,51.73973328110612
149,Fused,45.79301256742124
149,CSRT,31.89043743820395
149,KCF,20.248456731316587
149,MIL,38.01315561749642
149,BOOSTING,33.61547262794322
149,MEDIANFLOW,44.721359549995796
149,MOSSE,46.400431032480725
150,Fused,43.04648650006177
150,CSRT,26.90724809414742
150,KCF,16.15549442140351
150,MIL,33.60059523282288
150,BOOSTING,35.77708763999664
150,MEDIANFLOW,39.319206502675
150,MOSSE,41.048751503547585
151,Fused,46.647615158762406
151,CSRT,29.068883707497267
151,KCF,18.027756377319946
151,MIL,35.0
151,BOOSTING,35.77708763999664
151,MEDIANFLOW,40.44749683231337
151,MOSSE,43.01162633521314
152,Fused,54.230987451824994
152,CSRT,36.6742416417845
152,KCF,22.20360331117452
152,MIL,43.86342439892262
152,BOOSTING,47.43416490252569
152,MEDIANFLOW,52.009614495783374
152,MOSSE,46.010868281309364
153,Fused,53.71219600798314
153,CSRT,36.235341863986875
153,KCF,22.80350850198276
153,MIL,44.721359549995796
153,BOOSTING,45.880278987817846
153,MEDIANFLOW,51.088159097779204
153,MOSSE,47.38143096192854
154,Fused,44.721359549995796
154,CSRT,27.459060435491963
154,KCF,14.422205101855956
154,MIL,36.359317925395686
154,BOOSTING,35.84689665786984
154,MEDIANFLOW,44.04543109109048
154,MOSSE,40.607881008493905
155,Fused,37.589892258425
155,CSRT,22.02271554554524
155,KCF,9.486832980505138
155,MIL,29.68164415931166
155,BOOSTING,28.231188426986208
155,MEDIANFLOW,38.01315561749642
155,MOSSE,35.510561809129406
156,Fused,38.91015291668744
156,CSRT,23.600847442411894
156,KCF,11.180339887498949
156,MIL,32.2490309931942
156,BOOSTING,29.732137494637012
156,MEDIANFLOW,42.01190307520001
156,MOSSE,37.20215047547655
157,Fused,41.23105625617661
157,CSRT,26.419689627245813
157,KCF,12.806248474865697
157,MIL,35.77708763999664
157,BOOSTING,32.01562118716424
157,MEDIANFLOW,43.01162633521314
157,MOSSE,38.28837943815329
158,Fused,39.395431207184416
158,CSRT,27.294688127912362
158,KCF,11.40175425099138
158,MIL,32.202484376209235
158,BOOSTING,31.622776601683793
158,MEDIANFLOW,42.01190307520001
158,MOSSE,37.64306044943742
159,Fused,39.824615503479755
159,CSRT,27.202941017470888
159,KCF,13.601470508735444
159,MIL,34.66987164671943
159,BOOSTING,31.32091952673165
159,MEDIANFLOW,40.049968789001575
159,MOSSE,39.408120990476064
160,Fused,41.14608122288197
160,CSRT,27.784887978899608
160,KCF,12.041594578792296
160,MIL,34.48187929913333
160,BOOSTING,35.4682957019364
160,MEDIANFLOW,41.012193308819754
160,MOSSE,39.20459156782532
161,Fused,41.593268686170845
161,CSRT,27.459060435491963
161,KCF,12.727922061357855
161,MIL,35.84689665786984
161,BOOSTING,37.33630940518894
161,MEDIANFLOW,41.012193308819754
161,MOSSE,39.20459156782532
162,Fused,40.8166632639171
162,CSRT,28.0178514522438
162,KCF,13.892443989449804
162,MIL,36.05551275463989
162,BOOSTING,34.0147027033899
162,MEDIANFLOW,40.11234224026316
162,MOSSE,40.22437072223753
163,Fused,42.941821107167776
163,CSRT,29.68164415931166
163,KCF,15.556349186104045
163,MIL,40.8166632639171
163,BOOSTING,38.27531841800928
163,MEDIANFLOW,43.104524124504614
163,MOSSE,41.23105625617661
164,Fused,40.496913462633174
164,CSRT,29.206163733020468
164,KCF,14.317821063276353
164,MIL,39.408120990476064
164,BOOSTING,28.635642126552707
164,MEDIANFLOW,40.11234224026316
164,MOSSE,41.88078318274385
165,Fused,39.44616584663204
165,CSRT,28.0178514522438
165,KCF,13.601470508735444
165,MIL,35.510561809129406
165,BOOSTING,36.40054944640259
165,MEDIANFLOW,40.049968789001575
165,MOSSE,40.22437072223753
166,Fused,36.89173349139343
166,CSRT,25.495097567963924
166,KCF,12.649110640673518
166,MIL,33.60059523282288
166,BOOSTING,33.1058907144937
166,MEDIANFLOW,38.118237105091836
166,MOSSE,39.96248240537617
167,Fused,28.42534080710379
167,CSRT,18.027756377319946
167,KCF,10.44030650891055
167,MIL,26.1725046566048
167,BOOSTING,22.47220505424423
167,MEDIANFLOW,29.068883707497267
167,MOSSE,33.83784863137726
168,Fused,41.182520563948
168,CSRT,29.154759474226502
168,KCF,14.212670403551895
168,MIL,38.07886552931954
168,BOOSTING,39.395431207184416
168,MEDIANFLOW,42.04759208325728
168,MOSSE,41.400483088968905
169,Fused,45.617978911828175
169,CSRT,34.48187929913333
169,KCF,20.248456731316587
169,MIL,43.41658669218482
169,BOOSTING,42.720018726587654
169,MEDIANFLOW,45.044422518220834
169,MOSSE,44.68780594300866
170,Fused,43.46262762420146
170,CSRT,31.304951684997057
170,KCF,17.0
170,MIL,39.81205847478876
170,BOOSTING,45.5411901469428
170,MEDIANFLOW,44.01136216933077
170,MOSSE,41.036569057366385
171,Fused,29.068883707497267
171,CSRT,18.601075237738275
171,KCF,11.180339887498949
171,MIL,27.586228448267445
171,BOOSTING,30.0
171,MEDIANFLOW,25.0
171,MOSSE,33.52610922848042
172,Fused,29.206163733020468
172,CSRT,19.209372712298546
172,KCF,11.0
172,MIL,27.018512172212592
172,BOOSTING,30.01666203960727
172,MEDIANFLOW,27.0
172,MOSSE,31.953090617340916
173,Fused,28.600699292150182
173,CSRT,18.439088914585774
173,KCF,9.0
173,MIL,27.202941017470888
173,BOOSTING,30.01666203960727
173,MEDIANFLOW,28.0178514522438
173,MOSSE,31.016124838541646
174,Fused,31.304951684997057
174,CSRT,23.323807579381203
174,KCF,9.433981132056603
174,MIL,33.12099032335839
174,BOOSTING,32.89376840679705
174,MEDIANFLOW,31.144823004794873
174,MOSSE,31.906112267087632
175,Fused,34.438350715445125
175,CSRT,25.553864678361276
175,KCF,11.40175425099138
175,MIL,35.34119409414458
175,BOOSTING,36.24913792078372
175,MEDIANFLOW,34.132096331752024
175,MOSSE,33.015148038438355
176,Fused,34.48187929913333
176,CSRT,26.627053911388696
176,KCF,12.206555615733702
176,MIL,32.64965543462902
176,BOOSTING,34.438350715445125
176,MEDIANFLOW,34.0147027033899
176,MOSSE,35.510561809129406
177,Fused,35.35533905932738
177,CSRT,26.627053911388696
177,KCF,14.142135623730951
177,MIL,33.1058907144937
177,BOOSTING,34.92849839314596
177,MEDIANFLOW,34.0147027033899
177,MOSSE,36.05551275463989
178,Fused,32.2490309931942
178,CSRT,26.627053911388696
178,KCF,13.601470508735444
178,MIL,29.546573405388315
178,BOOSTING,27.730849247724095
178,MEDIANFLOW,33.0
178,MOSSE,35.510561809129406
179,Fused,29.546573405388315
179,CSRT,24.186773244895647
179,KCF,11.40175425099138
179,MIL,25.96150997149434
179,BOOSTING,25.0
179,MEDIANFLOW,31.064449134018133
179,MOSSE,31.622776601683793
180,Fused,26.92582403567252
180,CSRT,23.323807579381203
180,KCF,8.602325267042627
180,MIL,25.495097567963924
180,BOOSTING,22.561028345356956
180,MEDIANFLOW,28.160255680657446
180,MOSSE,31.064449134018133
181,Fused,24.698178070456937
181,CSRT,20.248456731316587
181,KCF,6.4031242374328485
181,MIL,21.213203435596427
181,BOOSTING,20.223748416156685
181,MEDIANFLOW,27.459060435491963
181,MOSSE,30.01666203960727
182,Fused,21.93171219946131
182,CSRT,20.0
182,KCF,5.830951894845301
182,MIL,17.26267650163207
182,BOOSTING,13.341664064126334
182,MEDIANFLOW,25.179356624028344
182,MOSSE,29.966648127543394
183,Fused,20.12461179749811
183,CSRT,19.1049731745428
183,KCF,6.4031242374328485
183,MIL,17.11724276862369
183,BOOSTING,2.8284271247461903
183,MEDIANFLOW,23.08679276123039
183,MOSSE,30.463092423455635
184,Fused,23.259406699226016
184,CSRT,24.20743687382041
184,KCF,8.48528137423857
184,MIL,21.095023109728988
184,BOOSTING,6.324555320336759
184,MEDIANFLOW,27.0
184,MOSSE,34.0
185,Fused,16.401219466856727
185,CSRT,20.615528128088304
185,KCF,6.0
185,MIL,12.041594578792296
185,BOOSTING,5.0990195135927845
185,MEDIANFLOW,20.024984394500787
185,MOSSE,31.32091952673165
186,Fused,14.142135623730951
186,CSRT,18.601075237738275
186,KCF,5.385164807134504
186,MIL,10.0
186,BOOSTING,15.0
186,MEDIANFLOW,18.0
186,MOSSE,30.805843601498726
187,Fused,13.45362404707371
187,CSRT,19.849433241279208
187,KCF,5.0990195135927845
187,MIL,13.038404810405298
187,BOOSTING,17.029386365926403
187,MEDIANFLOW,20.024984394500787
187,MOSSE,31.32091952673165
188,Fused,23.769728648009426
188,CSRT,29.68164415931166
188,KCF,13.0
188,MIL,22.090722034374522
188,BOOSTING,4.47213595499958
188,MEDIANFLOW,31.064449134018133
188,MOSSE,36.61966684720111
189,Fused,15.652475842498529
189,CSRT,27.202941017470888
189,KCF,11.180339887498949
189,MIL,18.24828759089466
189,BOOSTING,37.94733192202055
189,MEDIANFLOW,27.073972741361768
189,MOSSE,34.48187929913333
190,Fused,13.416407864998739
190,CSRT,28.0178514522438
190,KCF,9.848857801796104
190,MIL,18.439088914585774
190,BOOSTING,40.162171256046406
190,MEDIANFLOW,28.0178514522438
190,MOSSE,34.48187929913333
191,Fused,18.439088914585774
191,CSRT,32.64965543462902
191,KCF,15.297058540778355
191,MIL,24.73863375370596
191,BOOSTING,33.54101966249684
191,MEDIANFLOW,34.132096331752024
191,MOSSE,37.013511046643494
192,Fused,18.027756377319946
192,CSRT,33.61547262794322
192,KCF,14.560219778561036
192,MIL,23.53720459187964
192,BOOSTING,44.27188724235731
192,MEDIANFLOW,36.013886210738214
192,MOSSE,39.20459156782532
193,Fused,8.06225774829855
193,CSRT,13.416407864998739
193,KCF,5.385164807134504
193,MIL,12.041594578792296
193,BOOSTING,85.38149682454625
193,MEDIANFLOW,17.0
193,MOSSE,25.079872407968907
194,Fused,6.4031242374328485
194,CSRT,26.248809496813376
194,KCF,8.06225774829855
194,MIL,11.661903789690601
194,BOOSTING,67.446274915669
194,MEDIANFLOW,30.01666203960727
194,MOSSE,34.438350715445125
195,Fused,7.615773105863909
195,CSRT,24.758836806279895
195,KCF,7.0710678118654755
195,MIL,7.211102550927978
195,BOOSTING,56.32051136131489
195,MEDIANFLOW,28.0178514522438
195,MOSSE,34.17601498127012
196,Fused,8.54400374531753
196,CSRT,26.90724809414742
196,KCF,5.830951894845301
196,MIL,8.246211251235321
196,BOOSTING,58.42088667591412
196,MEDIANFLOW,29.017236257093817
196,MOSSE,33.24154027718932
197,Fused,15.231546211727817
197,CSRT,33.28663395418648
197,KCF,14.317821063276353
197,MIL,14.142135623730951
197,BOOSTING,46.09772228646444
197,MEDIANFLOW,40.19950248448356
197,MOSSE,36.40054944640259
198,Fused,12.083045973594572
198,CSRT,32.449961479175904
198,KCF,9.219544457292887
198,MIL,12.083045973594572
198,BOOSTING,51.19570294468082
198,MEDIANFLOW,39.20459156782532
198,MOSSE,34.66987164671943
199,Fused,15.811388300841896
199,CSRT,36.71511950137164
199,KCF,13.038404810405298
199,MIL,13.892443989449804
199,BOOSTING,49.47726750741192
199,MEDIANFLOW,44.181444068749045
199,MOSSE,37.013511046643494
200,Fused,14.560219778561036
200,CSRT,38.948684188300895
200,KCF,11.0
200,MIL,13.92838827718412
200,BOOSTING,51.66236541235796
200,MEDIANFLOW,47.16990566028302
200,MOSSE,37.013511046643494
201,Fused,15.811388300841896
201,CSRT,39.824615503479755
201,KCF,11.045361017187261
201,MIL,13.341664064126334
201,BOOSTING,48.76474136094644
201,MEDIANFLOW,48.093658625644196
201,MOSSE,38.41874542459709
202,Fused,11.704699910719626
202,CSRT,37.73592452822641
202,KCF,7.0
202,MIL,14.035668847618199
202,BOOSTING,57.723478758647246
202,MEDIANFLOW,47.095647357266465
202,MOSSE,37.20215047547655
203,Fused,14.866068747318506
203,CSRT,41.182520563948
203,KCF,9.0
203,MIL,14.035668847618199
203,BOOSTING,48.08326112068523
203,MEDIANFLOW,51.0098029794274
203,MOSSE,39.824615503479755
204,Fused,13.92838827718412
204,CSRT,40.8166632639171
204,KCF,7.0
204,MIL,14.560219778561036
204,BOOSTING,50.96076922496363
204,MEDIANFLOW,49.0
204,MOSSE,40.0
205,Fused,14.7648230602334
205,CSRT,42.190046219457976
205,KCF,7.280109889280518
205,MIL,14.317821063276353
205,BOOSTING,47.80167361086848
205,MEDIANFLOW,50.00999900019995
205,MOSSE,43.60045871318328
206,Fused,12.206555615733702
206,CSRT,43.266615305567875
206,KCF,5.385164807134504
206,MIL,15.811388300841896
206,BOOSTING,65.30696746902278
206,MEDIANFLOW,50.039984012787215
206,MOSSE,43.829214001622255
207,Fused,11.40175425099138
207,CSRT,45.48626166217664
207,KCF,6.324555320336759
207,MIL,17.804493814764857
207,BOOSTING,67.468511173732
207,MEDIANFLOW,50.039984012787215
207,MOSSE,44.40720662234904
208,Fused,12.727922061357855
208,CSRT,47.20169488482379
208,KCF,5.656854249492381
208,MIL,18.384776310850235
208,BOOSTING,69.2314957226839
208,MEDIANFLOW,53.150729063673246
208,MOSSE,48.010415536631214
209,Fused,14.142135623730951
209,CSRT,51.03920062069938
209,KCF,7.810249675906654
209,MIL,18.384776310850235
209,BOOSTING,74.14849964766651
209,MEDIANFLOW,56.142675390472796
209,MOSSE,50.0
210,Fused,12.206555615733702
210,CSRT,50.21951811795888
210,KCF,5.0
210,MIL,22.02271554554524
210,BOOSTING,78.26237921249263
210,MEDIANFLOW,54.230987451824994
210,MOSSE,50.21951811795888
211,Fused,12.806248474865697
211,CSRT,52.69724850502159
211,KCF,6.4031242374328485
211,MIL,23.430749027719962
211,BOOSTING,84.17244204607586
211,MEDIANFLOW,57.42821606144492
211,MOSSE,53.009433122794285
212,Fused,11.704699910719626
212,CSRT,51.61395160225576
212,KCF,5.0
212,MIL,27.459060435491963
212,BOOSTING,89.26925562588724
212,MEDIANFLOW,54.45181356024793
212,MOSSE,52.69724850502159
213,Fused,10.0
213,CSRT,48.41487374764082
213,KCF,5.656854249492381
213,MIL,32.2490309931942
213,BOOSTING,99.29753269845128
213,MEDIANFLOW,51.24451190127583
213,MOSSE,51.10772935672255
214,Fused,12.529964086141668
214,CSRT,46.69047011971501
214,KCF,11.180339887498949
214,MIL,37.57658845611187
214,BOOSTING,105.22357150372724
214,MEDIANFLOW,46.389654018972806
214,MOSSE,50.08991914547278
215,Fused,13.601470508735444
215,CSRT,46.66904755831214
215,KCF,12.529964086141668
215,MIL,40.311288741492746
215,BOOSTING,108.18964830333815
215,MEDIANFLOW,46.69047011971501
215,MOSSE,51.894122981316485
216,Fused,11.180339887498949
216,CSRT,54.20332093147061
216,KCF,6.4031242374328485
216,MIL,34.48187929913333
216,BOOSTING,91.59148432032315
216,MEDIANFLOW,56.568542494923804
216,MOSSE,56.302753041036986
217,Fused,10.04987562112089
217,CSRT,51.85556864985669
217,KCF,8.06225774829855
217,MIL,39.35733730830886
217,BOOSTING,96.6902270139025
217,MEDIANFLOW,53.600373133029585
217,MOSSE,53.33854141237835
218,Fused,11.704699910719626
218,CSRT,50.24937810560445
218,KCF,13.601470508735444
218,MIL,43.86342439892262
218,BOOSTING,96.6902270139025
218,MEDIANFLOW,50.80354318352215
218,MOSSE,52.32590180780452
219,Fused,11.704699910719626
219,CSRT,50.24937810560445
219,KCF,12.083045973594572
219,MIL,45.617978911828175
219,BOOSTING,97.67292357659824
219,MEDIANFLOW,52.952809179494906
219,MOSSE,52.32590180780452
220,Fused,12.083045973594572
220,CSRT,49.51767361255979
220,KCF,13.92838827718412
220,MIL,47.01063709417264
220,BOOSTING,94.72592042308166
220,MEDIANFLOW,50.80354318352215
220,MOSSE,52.32590180780452
221,Fused,11.180339887498949
221,CSRT,54.817880294662984
221,KCF,9.219544457292887
221,MIL,42.95346318982906
221,BOOSTING,85.90692637965812
221,MEDIANFLOW,58.69412236331676
221,MOSSE,54.70831746635972
222,Fused,11.40175425099138
222,CSRT,56.22277118748239
222,KCF,9.219544457292887
222,MIL,43.829214001622255
222,BOOSTING,85.90692637965812
222,MEDIANFLOW,60.8276253029822
222,MOSSE,57.14017850864661
223,Fused,10.198039027185569
223,CSRT,52.49761899362675
223,KCF,13.92838827718412
223,MIL,50.695167422546305
223,BOOSTING,89.05054744357274
223,MEDIANFLOW,56.71860364994893
223,MOSSE,54.120236510939236
224,Fused,12.36931687685298
224,CSRT,54.56189146281496
224,KCF,17.46424919657298
224,MIL,54.78138369920935
224,BOOSTING,87.86353054595519
224,MEDIANFLOW,55.90169943749474
224,MOSSE,55.46169849544819
225,Fused,12.649110640673518
225,CSRT,58.25804665451803
225,KCF,17.88854381999832
225,MIL,57.245087125446844
225,BOOSTING,95.70788891204319
225,MEDIANFLOW,57.271284253105414
225,MOSSE,56.36488268416781
226,Fused,11.045361017187261
226,CSRT,60.0
226,KCF,16.15549442140351
226,MIL,57.584720195551874
226,BOOSTING,91.21951545584969
226,MEDIANFLOW,60.8276253029822
226,MOSSE,56.356011214421486
227,Fused,13.601470508735444
227,CSRT,65.45991139621256
227,KCF,12.041594578792296
227,MIL,54.42425929675111
227,BOOSTING,88.07383266328314
227,MEDIANFLOW,68.4470598345904
227,MOSSE,60.207972893961475
228,Fused,13.416407864998739
228,CSRT,67.95586803212802
228,KCF,11.313708498984761
228,MIL,55.154328932550705
228,BOOSTING,88.29496021857646
228,MEDIANFLOW,72.18032973047436
228,MOSSE,62.42595614005443
229,Fused,13.416407864998739
229,CSRT,70.178344238091
229,KCF,9.219544457292887
229,MIL,55.54277630799526
229,BOOSTING,103.16006979447037
229,MEDIANFLOW,77.10382610480494
229,MOSSE,62.20128616033595
230,Fused,14.317821063276353
230,CSRT,71.56116265125938
230,KCF,13.45362404707371
230,MIL,57.584720195551874
230,BOOSTING,110.64357188738983
230,MEDIANFLOW,78.44743462982075
230,MOSSE,64.63745044476924
231,Fused,13.0
231,CSRT,72.40165743959182
231,KCF,13.45362404707371
231,MIL,60.74537019394976
231,BOOSTING,118.69709347747316
231,MEDIANFLOW,77.46612162745726
231,MOSSE,62.68173577685928
232,Fused,13.152946437965905
232,CSRT,74.33034373659252
232,KCF,13.45362404707371
232,MIL,61.68468205316454
232,BOOSTING,105.11898020814318
232,MEDIANFLOW,82.37718130647589
232,MOSSE,62.68173577685928
233,Fused,13.038404810405298
233,CSRT,72.11102550927978
233,KCF,15.0
233,MIL,66.73080248281148
233,BOOSTING,115.12167476196652
233,MEDIANFLOW,80.60397012554654
233,MOSSE,62.433965115151864
234,Fused,13.341664064126334
234,CSRT,72.42237223399962
234,KCF,19.235384061671343
234,MIL,72.73238618387272
234,BOOSTING,111.40017953306898
234,MEDIANFLOW,77.6659513557904
234,MOSSE,60.41522986797286
235,Fused,16.64331697709324
235,CSRT,67.62396025078685
235,KCF,25.632011235952593
235,MIL,80.36168241145776
235,BOOSTING,119.23925528113634
235,MEDIANFLOW,73.00684899377592
235,MOSSE,58.309518948453004
236,Fused,17.804493814764857
236,CSRT,68.24954212300622
236,KCF,27.51363298439521
236,MIL,83.5224520712844
236,BOOSTING,122.37646832622684
236,MEDIANFLOW,72.27724399837061
236,MOSSE,59.23681287847955
237,Fused,19.79898987322333
237,CSRT,66.70832032063167
237,KCF,29.410882339705484
237,MIL,87.64131445842195
237,BOOSTING,126.49505919204908
237,MEDIANFLOW,71.30918594402827
237,MOSSE,58.18934610390462
