Frame,Tracker,Rmse
0,Fuse,13.152946437965905
0,CSRT,13.341664064126334
0,KCF,13.341664064126334
0,MIL,13.341664064126334
0,BOOSTING,13.341664064126334
0,MEDIANFLOW,13.341664064126334
0,MOSSE,13.341664064126334
1,Fuse,13.152946437965905
1,CSRT,13.24764129949177
1,KCF,13.24764129949177
1,MIL,13.24764129949177
1,BOOSTING,13.24764129949177
1,MEDIANFLOW,13.24764129949177
1,MOSSE,13.24764129949177
2,Fuse,11.832159566199232
2,CSRT,11.718930554164631
2,KCF,11.718930554164631
2,MIL,12.26104943849968
2,BOOSTING,12.220201853215574
2,MEDIANFLOW,11.775681155103795
2,MOSSE,11.986103064243467
3,Fuse,13.009611831257688
3,CSRT,11.800423721205947
3,KCF,11.090536506409418
3,MIL,13.294735800308331
3,BOOSTING,15.700318468107582
3,MEDIANFLOW,13.425721582097552
3,MOSSE,14.150971698084906
4,Fuse,15.297058540778355
4,CSRT,14.092551223962253
4,KCF,11.20714058089752
4,MIL,15.824032355881986
4,BOOSTING,19.3700800204852
4,MEDIANFLOW,13.425721582097552
4,MOSSE,17.69745744450315
5,Fuse,16.603212540549695
5,CSRT,15.481171359644161
5,KCF,11.640446726822816
5,MIL,17.009801096230763
5,BOOSTING,22.86554904946158
5,MEDIANFLOW,14.771594362153328
5,MOSSE,19.828430766620606
6,Fuse,17.129756899284107
6,CSRT,16.401219466856727
6,KCF,11.457997830586034
6,MIL,17.812515664153512
6,BOOSTING,23.98511443136585
6,MEDIANFLOW,15.215124054702938
6,MOSSE,21.243486396674964
7,Fuse,16.684573713463585
7,CSRT,15.953056133543816
7,KCF,10.948744220229095
7,MIL,17.716517716526575
7,BOOSTING,23.53720459187964
7,MEDIANFLOW,14.68721504282843
7,MOSSE,21.44469631400734
8,Fuse,15.790292376436016
8,CSRT,15.30795000427338
8,KCF,11.31861789756643
8,MIL,16.786237749352228
8,BOOSTING,22.531459488161584
8,MEDIANFLOW,13.756816492197604
8,MOSSE,20.612833111653742
9,Fuse,15.152557539900648
9,CSRT,14.771594362153328
9,KCF,12.942179105544785
9,MIL,15.987495113369073
9,BOOSTING,21.718655575334306
9,MEDIANFLOW,13.21615173439934
9,MOSSE,19.72815247305231
10,Fuse,14.603860012774954
10,CSRT,14.32099539455652
10,KCF,14.684562085277301
10,MIL,15.391851445134563
10,BOOSTING,20.893670202849822
10,MEDIANFLOW,12.856904759700136
10,MOSSE,18.870371196426134
11,Fuse,14.502873278538061
11,CSRT,14.39907404430345
11,KCF,16.56804152578089
11,MIL,15.29160989998546
11,BOOSTING,20.244340772999582
11,MEDIANFLOW,12.996503026164035
11,MOSSE,18.236867421060374
12,Fuse,13.93942941112341
12,CSRT,13.84807678954846
12,KCF,16.85686347319234
12,MIL,14.743968779966112
12,BOOSTING,19.71723182318529
12,MEDIANFLOW,12.449899597988733
12,MOSSE,17.68093279822602
13,Fuse,13.443001365553963
13,CSRT,13.357715801310171
13,KCF,17.241975359155177
13,MIL,14.340253036221402
13,BOOSTING,19.183326093250876
13,MEDIANFLOW,11.967905799711545
13,MOSSE,17.146428199482248
14,Fuse,13.30413469565007
14,CSRT,13.16054710108968
14,KCF,18.020358856952136
14,MIL,14.257161942920712
14,BOOSTING,18.7278758361255
14,MEDIANFLOW,11.97318432402771
14,MOSSE,16.824585185574907
15,Fuse,13.193274801958761
15,CSRT,13.093414375173499
15,KCF,18.5
15,MIL,14.184057952504283
15,BOOSTING,18.27908641043091
15,MEDIANFLOW,12.118855831581902
15,MOSSE,16.537835408541227
16,Fuse,13.076696830622021
16,CSRT,12.886381320192717
16,KCF,19.098814253307793
16,MIL,14.125488018638714
16,BOOSTING,17.759835717311194
16,MEDIANFLOW,12.285662375305614
16,MOSSE,16.177326180581918
17,Fuse,13.299958228840001
17,CSRT,12.701705922171767
17,KCF,20.125992039041343
17,MIL,14.691267247359342
17,BOOSTING,17.26589444862649
17,MEDIANFLOW,13.054185715925843
17,MOSSE,16.08484448859305
18,Fuse,13.473170220459387
18,CSRT,12.500526304709608
18,KCF,21.02629932151387
18,MIL,15.16054435906435
18,BOOSTING,16.83667675672745
18,MEDIANFLOW,13.576941236277534
18,MOSSE,16.192915929992026
19,Fuse,13.590437814875575
19,CSRT,12.290240030202828
19,KCF,21.66333307688362
19,MIL,15.496773857806662
19,BOOSTING,16.417977951014553
19,MEDIANFLOW,13.81075096094572
19,MOSSE,16.504544828622205
20,Fuse,14.877275736280932
20,CSRT,12.989006340528352
20,KCF,23.211245222131122
20,MIL,16.40702520844276
20,BOOSTING,17.281975195754296
20,MEDIANFLOW,14.66287829861518
20,MOSSE,17.873896902359892
21,Fuse,16.13015245376863
21,CSRT,13.784048752090222
21,KCF,24.594899693007306
21,MIL,17.475957510508284
21,BOOSTING,18.9844433921327
21,MEDIANFLOW,15.35764118792801
21,MOSSE,19.004784086692965
22,Fuse,17.461759461127073
22,CSRT,14.838258423530648
22,KCF,25.903667693977237
22,MIL,18.482659323056676
22,BOOSTING,19.61698465505139
22,MEDIANFLOW,16.663787630122336
22,MOSSE,20.96581067813273
23,Fuse,19.123502119991866
23,CSRT,16.11934655416693
23,KCF,27.588493978468634
23,MIL,19.767397400770797
23,BOOSTING,21.04360552123455
23,MEDIANFLOW,18.108369431792052
23,MOSSE,22.962832287561277
24,Fuse,20.79711518456346
24,CSRT,17.956614380222124
24,KCF,29.19452003373236
24,MIL,21.09312684264711
24,BOOSTING,22.286318673123205
24,MEDIANFLOW,19.616107327058206
24,MOSSE,25.057533797243494
25,Fuse,22.224380237097208
25,CSRT,19.277328254075684
25,KCF,30.57462497411362
25,MIL,22.488458578363463
25,BOOSTING,23.63341832106523
25,MEDIANFLOW,20.356817039999154
25,MOSSE,26.73732625721232
26,Fuse,22.067237320583722
26,CSRT,19.214192285526476
26,KCF,30.1852306293682
26,MIL,22.3490823409258
26,BOOSTING,23.385655622387176
26,MEDIANFLOW,20.261748728539242
26,MOSSE,26.541372316525845
27,Fuse,22.133523378415312
27,CSRT,19.28452377277845
27,KCF,30.110510741979404
27,MIL,22.40455948494158
27,BOOSTING,23.41092541040248
27,MEDIANFLOW,20.406063006062865
27,MOSSE,26.41766184095135
28,Fuse,22.0391501181655
28,CSRT,19.210270241686363
28,KCF,29.932107083911728
28,MIL,22.279571592488658
28,BOOSTING,23.297180530906633
28,MEDIANFLOW,20.31888635868469
28,MOSSE,26.12371098948365
29,Fuse,21.828116425075862
29,CSRT,19.04993438308909
29,KCF,29.66816475618268
29,MIL,22.06278918601786
29,BOOSTING,23.065847769664426
29,MEDIANFLOW,20.144306973640862
29,MOSSE,25.76884423743784
30,Fuse,21.689896562759948
30,CSRT,18.913214359789688
30,KCF,29.43774184887982
30,MIL,21.9184706318372
30,BOOSTING,22.886818293788746
30,MEDIANFLOW,20.04827507127068
30,MOSSE,25.49762797316771
31,Fuse,21.462904043954538
31,CSRT,18.69909757180811
31,KCF,29.093061887673493
31,MIL,21.70325436426528
31,BOOSTING,22.66053838724932
31,MEDIANFLOW,19.86892532444538
31,MOSSE,25.186181727288478
32,Fuse,21.290914266490066
32,CSRT,18.53579665338821
32,KCF,28.788676224999975
32,MIL,21.55612828563299
32,BOOSTING,22.47153081055443
32,MEDIANFLOW,19.77371993328519
32,MOSSE,24.941142837901513
33,Fuse,21.090142665403164
33,CSRT,18.332709436799504
33,KCF,28.393764849926846
33,MIL,21.38924963620744
33,BOOSTING,22.261150543703078
33,MEDIANFLOW,19.597464276293657
33,MOSSE,24.765369559361815
34,Fuse,21.051637194561106
34,CSRT,18.298321546758636
34,KCF,28.076935119672264
34,MIL,21.3915871313935
34,BOOSTING,22.231252133619723
34,MEDIANFLOW,19.562118254121543
34,MOSSE,24.813590746086824
35,Fuse,21.10358052822106
35,CSRT,18.384776310850235
35,KCF,27.83682612815062
35,MIL,21.432711240324007
35,BOOSTING,22.31280150745556
35,MEDIANFLOW,19.634517710254197
35,MOSSE,24.914855006601986
36,Fuse,20.943940618915263
36,CSRT,18.263092304988785
36,KCF,27.502334053283157
36,MIL,21.266646897672192
36,BOOSTING,22.131669860424243
36,MEDIANFLOW,19.480759738778158
36,MOSSE,24.774114651320172
37,Fuse,20.87998285944043
37,CSRT,18.256938118799773
37,KCF,27.258991756463544
37,MIL,21.175333216790364
37,BOOSTING,22.051972104195364
37,MEDIANFLOW,19.417879751766257
37,MOSSE,24.69444855577229
38,Fuse,20.676383158396455
38,CSRT,18.110062368041667
38,KCF,26.95913336505593
38,MIL,20.973732045047107
38,BOOSTING,21.814485895198054
38,MEDIANFLOW,19.215536477165116
38,MOSSE,24.460853078609777
39,Fuse,20.52681173489931
39,CSRT,18.022902097054182
39,KCF,26.69690993354849
39,MIL,20.83026644092677
39,BOOSTING,21.656985016386745
39,MEDIANFLOW,19.05525030280537
39,MOSSE,24.279106243846787
40,Fuse,20.38172304164546
40,CSRT,17.95794545258585
40,KCF,26.471337467477408
40,MIL,20.651581171378833
40,BOOSTING,21.47545394051589
40,MEDIANFLOW,18.912297586491178
40,MOSSE,24.054815450164305
41,Fuse,20.298956107337613
41,CSRT,17.940377444667735
41,KCF,26.347042844817835
41,MIL,20.53916120140116
41,BOOSTING,21.39704029377272
41,MEDIANFLOW,18.884113855237185
41,MOSSE,23.825256706756743
42,Fuse,20.117677058561164
42,CSRT,17.857315613782283
42,KCF,26.10488682754763
42,MIL,20.344703899152382
42,BOOSTING,21.184131841084852
42,MEDIANFLOW,18.689187095369192
42,MOSSE,23.641705364844974
43,Fuse,19.92656974539727
43,CSRT,17.76231966833161
43,KCF,25.872062854817674
43,MIL,20.140416173365526
43,BOOSTING,20.996211779530828
43,MEDIANFLOW,18.508954463957092
43,MOSSE,23.407458018953935
44,Fuse,19.785516588319513
44,CSRT,17.730701559097366
44,KCF,25.67489045740994
44,MIL,19.973315531812272
44,BOOSTING,20.828399415754976
44,MEDIANFLOW,18.353226122153814
44,MOSSE,23.23263987487336
45,Fuse,19.682810863244633
45,CSRT,17.714523640958763
45,KCF,25.55981901004166
45,MIL,19.86147680484926
45,BOOSTING,20.74377853299844
45,MEDIANFLOW,18.33939293797189
45,MOSSE,22.998109563141508
46,Fuse,19.657168039144118
46,CSRT,17.769205971316328
46,KCF,25.518453898339963
46,MIL,19.832275435163012
46,BOOSTING,20.65625452650673
46,MEDIANFLOW,18.432013737917586
46,MOSSE,22.800709208827953
47,Fuse,19.469527472437537
47,CSRT,17.593204180402537
47,KCF,25.2813336937222
47,MIL,19.63521496359708
47,BOOSTING,20.47101609593427
47,MEDIANFLOW,18.314045301875524
47,MOSSE,22.580873174732044
48,Fuse,19.407025868515365
48,CSRT,17.622457842428314
48,KCF,25.15097271620779
48,MIL,19.569864379620384
48,BOOSTING,20.42007815452073
48,MEDIANFLOW,18.3166590840142
48,MOSSE,22.41491850149296
49,Fuse,19.266032284827098
49,CSRT,17.487709970147606
49,KCF,24.966377390402478
49,MIL,19.41700285831982
49,BOOSTING,20.30270917882636
49,MEDIANFLOW,18.272316520365123
49,MOSSE,22.191439791054567
50,Fuse,19.11984904362428
50,CSRT,17.3809677295508
50,KCF,24.78772624806518
50,MIL,19.263396153652373
50,BOOSTING,20.165005603281944
50,MEDIANFLOW,18.181859090863068
50,MOSSE,21.990639719983538
51,Fuse,18.99443238263417
51,CSRT,17.316066350246924
51,KCF,24.612379624271007
51,MIL,19.122077453923414
51,BOOSTING,20.03986411745733
51,MEDIANFLOW,18.100482064862035
51,MOSSE,21.80155252058193
52,Fuse,18.896440715068888
52,CSRT,17.313970801224666
52,KCF,24.423928879007004
52,MIL,19.03075960966232
52,BOOSTING,19.92438536255188
52,MEDIANFLOW,17.954001053975514
52,MOSSE,21.720783890785082
53,Fuse,18.8910129524695
53,CSRT,17.410618301187053
53,KCF,24.289153195674874
53,MIL,19.054016782703734
53,BOOSTING,19.897887473948735
53,MEDIANFLOW,17.86057109949175
53,MOSSE,21.74217611515053
54,Fuse,18.90069743782921
54,CSRT,17.538529014715003
54,KCF,24.167220474323177
54,MIL,19.121620319323455
54,BOOSTING,19.8855818028129
54,MEDIANFLOW,17.780034578977332
54,MOSSE,21.770705922492187
55,Fuse,18.809192281587062
55,CSRT,17.505101297295354
55,KCF,23.9925583701042
55,MIL,19.067549097129096
55,BOOSTING,19.772816838131227
55,MEDIANFLOW,17.6388002065694
55,MOSSE,21.671244937540095
56,Fuse,18.773348036278133
56,CSRT,17.551927969274388
56,KCF,23.862544973903745
56,MIL,19.08889637753531
56,BOOSTING,19.71018082286856
56,MEDIANFLOW,17.538223562102456
56,MOSSE,21.64708967108674
57,Fuse,18.73867474061287
57,CSRT,17.613180801065845
57,KCF,23.737791780633042
57,MIL,19.0851088367435
57,BOOSTING,19.611748765859012
57,MEDIANFLOW,17.4491743131452
57,MOSSE,21.62374174134883
58,Fuse,18.721418894510343
58,CSRT,17.710956103544916
58,KCF,23.648198412048078
58,MIL,19.124037585178556
58,BOOSTING,19.52529866956184
58,MEDIANFLOW,17.37963532810545
58,MOSSE,21.629389923772152
59,Fuse,18.706505107404038
59,CSRT,17.807769839782484
59,KCF,23.5457002444183
59,MIL,19.125462957359577
59,BOOSTING,19.439650202614242
59,MEDIANFLOW,17.320508075688775
59,MOSSE,21.626758117356996
60,Fuse,18.763847345710175
60,CSRT,17.97630498694341
60,KCF,23.48909757564204
60,MIL,19.21619876775756
60,BOOSTING,19.422819096087576
60,MEDIANFLOW,17.305586766513677
60,MOSSE,21.741778170903753
61,Fuse,18.95282768927515
61,CSRT,18.270812260136694
61,KCF,23.522809794859995
61,MIL,19.41482639301644
61,BOOSTING,19.531612093417735
61,MEDIANFLOW,17.44405577746222
61,MOSSE,21.99230070553285
62,Fuse,19.03547231747104
62,CSRT,18.442101591497405
62,KCF,23.46730248056401
62,MIL,19.517188191966458
62,BOOSTING,19.543195949908192
62,MEDIANFLOW,17.47440524623592
62,MOSSE,22.21003634138662
63,Fuse,19.28325050399958
63,CSRT,18.824435582508176
63,KCF,23.49966755083995
63,MIL,19.73852514753825
63,BOOSTING,19.695732405777655
63,MEDIANFLOW,17.629340622770062
63,MOSSE,22.683281288208722
64,Fuse,19.53891580332007
64,CSRT,19.228584491284362
64,KCF,23.54439342048254
64,MIL,19.936823294520195
64,BOOSTING,19.894722918402255
64,MEDIANFLOW,17.781661902083282
64,MOSSE,23.139044591671986
65,Fuse,19.731915387221914
65,CSRT,19.572321210724024
65,KCF,23.574511145675444
65,MIL,20.060892152130073
65,BOOSTING,20.09522783693138
65,MEDIANFLOW,17.85454046971289
65,MOSSE,23.566475932535774
66,Fuse,19.913619430077752
66,CSRT,19.882115266306215
66,KCF,23.601163644471736
66,MIL,20.21562865188824
66,BOOSTING,20.36128899535191
66,MEDIANFLOW,17.899551374097044
66,MOSSE,23.90278819682109
67,Fuse,20.098653744789505
67,CSRT,20.192456366614913
67,KCF,23.5986664628222
67,MIL,20.280024944873855
67,BOOSTING,20.680340195176562
67,MEDIANFLOW,17.89813631588746
67,MOSSE,24.338301936997794
68,Fuse,20.477983936094795
68,CSRT,20.697265799960217
68,KCF,23.698896201287948
68,MIL,20.516165418475765
68,BOOSTING,21.28549890813264
68,MEDIANFLOW,18.063206021210792
68,MOSSE,24.98463295823997
69,Fuse,20.94755355644186
69,CSRT,21.290843102141352
69,KCF,23.857613340099935
69,MIL,20.805562443044614
69,BOOSTING,21.935945712134554
69,MEDIANFLOW,18.291916326578544
69,MOSSE,25.73185907447364
70,Fuse,21.20623081436474
70,CSRT,21.65900911990985
70,KCF,23.895311579742117
70,MIL,20.963079550136523
70,BOOSTING,22.396239624003282
70,MEDIANFLOW,18.373894524569362
70,MOSSE,26.268923427277507
71,Fuse,21.391522204420664
71,CSRT,21.936777845030527
71,KCF,23.84702403981586
71,MIL,21.045585443666486
71,BOOSTING,22.78919090758209
71,MEDIANFLOW,18.34758302384544
71,MOSSE,26.792411861072406
72,Fuse,21.4089342507614
72,CSRT,22.074903620695917
72,KCF,23.70162701773174
72,MIL,21.061878827066387
72,BOOSTING,22.988085061494804
72,MEDIANFLOW,18.250570767330355
72,MOSSE,27.220308695520924
73,Fuse,21.425862119587336
73,CSRT,22.379406556873615
73,KCF,23.557577538012254
73,MIL,21.243759019940356
73,BOOSTING,23.02466362697043
73,MEDIANFLOW,18.179847340257524
73,MOSSE,28.325568623380498
74,Fuse,21.588886029621815
74,CSRT,22.749358965327644
74,KCF,23.496666430226508
74,MIL,21.80061161221553
74,BOOSTING,23.533238904437557
74,MEDIANFLOW,18.31260088986137
74,MOSSE,30.236842868703516
75,Fuse,21.486225697800954
75,CSRT,25.609414387352903
75,KCF,23.346362277214567
75,MIL,22.257464744262883
75,BOOSTING,24.099847127709076
75,MEDIANFLOW,18.359375443262405
75,MOSSE,32.32279625735894
76,Fuse,21.40245161342352
76,CSRT,29.674423811953428
76,KCF,23.235105548934566
76,MIL,23.51098113151031
76,BOOSTING,25.14968177743992
76,MEDIANFLOW,18.813838691659644
76,MOSSE,35.088570677754774
77,Fuse,21.333733970597017
77,CSRT,33.44455802576051
77,KCF,23.192615977880457
77,MIL,25.405178151768133
77,BOOSTING,26.094748464698743
77,MEDIANFLOW,19.577020719704525
77,MOSSE,38.113864493995706
78,Fuse,21.340221725444636
78,CSRT,37.07023781479652
78,KCF,23.166431410638054
78,MIL,27.47219537982616
78,BOOSTING,26.54587622030581
78,MEDIANFLOW,20.5775581018715
78,MOSSE,41.060313772408115
79,Fuse,21.529630744627276
79,CSRT,39.94840422344802
79,KCF,23.2653175349059
79,MIL,29.782335368469678
79,BOOSTING,26.62940104470996
79,MEDIANFLOW,21.810751036117342
79,MOSSE,44.116181838413894
80,Fuse,22.454068343736402
80,CSRT,41.70679549094436
80,KCF,24.082932843011204
80,MIL,33.04168710008242
80,BOOSTING,26.532533023478464
80,MEDIANFLOW,24.153157143528876
80,MOSSE,48.07363179617361
81,Fuse,23.51232162702533
81,CSRT,43.20399710505567
81,KCF,25.045081304738773
81,MIL,36.161224347931906
81,BOOSTING,26.5329983228432
81,MEDIANFLOW,26.505764572174776
81,MOSSE,51.80380436166308
82,Fuse,25.210678555981236
82,CSRT,44.04679877048627
82,KCF,26.584713426174208
82,MIL,39.771485820086596
82,BOOSTING,26.904785259866284
82,MEDIANFLOW,29.502170238483945
82,MOSSE,55.99634239346158
83,Fuse,26.503144467528124
83,CSRT,45.016795807364
83,KCF,27.64248800048836
83,MIL,42.66382989081478
83,BOOSTING,27.195500328091743
83,MEDIANFLOW,31.755086870746783
83,MOSSE,59.48008870522094
84,Fuse,28.497265090654906
84,CSRT,45.40121791577066
84,KCF,29.237767678527195
84,MIL,46.21013385165894
84,BOOSTING,27.94679819606827
84,MEDIANFLOW,34.80421430420939
84,MOSSE,63.46671197889304
85,Fuse,30.88312551961775
85,CSRT,45.49904164592563
85,KCF,31.055838682590263
85,MIL,49.957190976200394
85,BOOSTING,29.053279044813753
85,MEDIANFLOW,38.09986876617818
85,MOSSE,67.64983370267808
86,Fuse,32.97107753809372
86,CSRT,45.65324074810678
86,KCF,32.6218317702421
86,MIL,53.327118890817665
86,BOOSTING,29.96492202099211
86,MEDIANFLOW,41.02154850636998
86,MOSSE,71.42675695560735
87,Fuse,34.83695790914638
87,CSRT,45.88362254859372
87,KCF,33.980776651191796
87,MIL,56.32837973558589
87,BOOSTING,30.937253212973456
87,MEDIANFLOW,43.61139785639192
87,MOSSE,74.7924400652171
88,Fuse,36.5968009899312
88,CSRT,46.03723456390636
88,KCF,35.25811724214261
88,MIL,59.109686652694876
88,BOOSTING,31.932337172580567
88,MEDIANFLOW,45.999876482047604
88,MOSSE,77.94329543566134
89,Fuse,38.172852482709054
89,CSRT,46.17960107618466
89,KCF,36.40650125092129
89,MIL,61.642968419403324
89,BOOSTING,32.773295362061
89,MEDIANFLOW,48.120751672984426
89,MOSSE,80.87617421438502
90,Fuse,39.64485194466346
90,CSRT,46.20867622256407
90,KCF,37.50736191472546
90,MIL,63.90067842595025
90,BOOSTING,33.49889287985238
90,MEDIANFLOW,50.116641724858
90,MOSSE,83.65569152947529
91,Fuse,41.46383966783588
91,CSRT,46.11092485847956
91,KCF,38.936542576686065
91,MIL,66.38466624939436
91,BOOSTING,34.6526239674009
91,MEDIANFLOW,52.39148911672708
91,MOSSE,86.62161593866792
92,Fuse,43.355990768103446
92,CSRT,45.938247470328704
92,KCF,40.41172511637829
92,MIL,68.96446022549259
92,BOOSTING,35.94485023010273
92,MEDIANFLOW,54.62639909659861
92,MOSSE,89.54995001889782
93,Fuse,44.4895397698849
93,CSRT,45.89998377601345
93,KCF,41.23221731462972
93,MIL,70.80224182049966
93,BOOSTING,36.44348583182553
93,MEDIANFLOW,56.08528452085223
93,MOSSE,91.72536482997214
94,Fuse,45.85675637529499
94,CSRT,45.72802894920081
94,KCF,42.24415250721254
94,MIL,72.75966204603091
94,BOOSTING,37.177808887617495
94,MEDIANFLOW,57.77413836510058
94,MOSSE,94.08853613261792
95,Fuse,47.15709561313829
95,CSRT,45.55205355780718
95,KCF,43.188540146663904
95,MIL,74.57714126996288
95,BOOSTING,37.89981310420057
95,MEDIANFLOW,59.432668670211655
95,MOSSE,96.29831038670062
96,Fuse,48.394214530251446
96,CSRT,45.38903995959386
96,KCF,44.042271166284515
96,MIL,76.33742242082627
96,BOOSTING,38.601319351417295
96,MEDIANFLOW,60.95669569456665
96,MOSSE,98.3378879485703
97,Fuse,49.60394158137197
97,CSRT,45.19492928031928
97,KCF,44.874769057446784
97,MIL,78.04878118778
97,BOOSTING,39.267918047117064
97,MEDIANFLOW,62.45113553728953
97,MOSSE,100.282916118879
98,Fuse,50.67523850935285
98,CSRT,44.989448819145416
98,KCF,45.60303020234909
98,MIL,79.60470520584252
98,BOOSTING,39.808886881542854
98,MEDIANFLOW,63.77535510185221
98,MOSSE,102.0557383853242
99,Fuse,51.688296547671214
99,CSRT,44.77476968114967
99,KCF,46.27807256141941
99,MIL,81.04264309608861
99,BOOSTING,40.316249825597616
99,MEDIANFLOW,65.013207671343
99,MOSSE,103.71325855453584
100,Fuse,52.45063685915256
100,CSRT,44.59032439557903
100,KCF,46.721737896606626
100,MIL,82.2030208305228
100,BOOSTING,40.61860764635726
100,MEDIANFLOW,65.9661276717074
100,MOSSE,105.09180333742908
101,Fuse,53.0964715787937
101,CSRT,44.40577157329447
101,KCF,47.05899509772646
101,MIL,83.1792300621104
101,BOOSTING,40.868272367137195
101,MEDIANFLOW,66.77589237127572
101,MOSSE,106.33825054707155
102,Fuse,53.71355165196173
102,CSRT,44.242601268350974
102,KCF,47.369339967240826
102,MIL,84.11855941963671
102,BOOSTING,41.158349198405226
102,MEDIANFLOW,67.52965942429137
102,MOSSE,107.53057817531926
103,Fuse,54.2776870149448
103,CSRT,44.05470812174685
103,KCF,47.64300336073251
103,MIL,84.95468248968433
103,BOOSTING,41.42892430694731
103,MEDIANFLOW,68.2171717698106
103,MOSSE,108.6258575251626
104,Fuse,54.79624596109273
104,CSRT,43.87569019942809
104,KCF,47.85911865146743
104,MIL,85.74330461158053
104,BOOSTING,41.70200406284023
104,MEDIANFLOW,68.83229340494631
104,MOSSE,109.65599890219457
105,Fuse,55.09648483804964
105,CSRT,43.73914959789651
105,KCF,47.914034655632285
105,MIL,86.28474143076275
105,BOOSTING,41.792050340921456
105,MEDIANFLOW,69.21526118532228
105,MOSSE,110.41670641983383
106,Fuse,55.38927660311897
106,CSRT,43.58169897997677
106,KCF,47.97536361528375
106,MIL,86.81988014726262
106,BOOSTING,41.85980160791742
106,MEDIANFLOW,69.57837985607473
106,MOSSE,111.13795418223734
107,Fuse,55.519182537476446
107,CSRT,43.48392636195416
107,KCF,47.90799438429797
107,MIL,87.18509471658983
107,BOOSTING,41.773197148410844
107,MEDIANFLOW,69.75303564224579
107,MOSSE,111.68026451205012
108,Fuse,55.5920593630078
108,CSRT,43.431692651858555
108,KCF,47.81932740424624
108,MIL,87.45845671732464
108,BOOSTING,41.688666974711964
108,MEDIANFLOW,69.86839480475126
108,MOSSE,112.15291003517385
109,Fuse,55.67201026793201
109,CSRT,43.34827248314202
109,KCF,47.70868036131561
109,MIL,87.75197485475236
109,BOOSTING,41.58736696292627
109,MEDIANFLOW,69.98086239049523
109,MOSSE,112.64150696305998
110,Fuse,55.748065857452374
110,CSRT,43.276816921798705
110,KCF,47.58898729445408
110,MIL,88.05429324319489
110,BOOSTING,41.4614767471451
110,MEDIANFLOW,70.09500047014117
110,MOSSE,113.15062113423446
111,Fuse,55.85024619462299
111,CSRT,43.207865520726
111,KCF,47.47931880604138
111,MIL,88.36460587491223
111,BOOSTING,41.41870264230193
111,MEDIANFLOW,70.22396603301044
111,MOSSE,113.67894169860259
112,Fuse,56.05228279989715
112,CSRT,43.07803168854505
112,KCF,47.407105251413356
112,MIL,88.80659108123128
112,BOOSTING,41.430397971853886
112,MEDIANFLOW,70.45331534326219
112,MOSSE,114.32487476988742
113,Fuse,56.22386332348164
113,CSRT,42.96479587069542
113,KCF,47.31241816141616
113,MIL,89.2254683962282
113,BOOSTING,41.433417312302865
113,MEDIANFLOW,70.65227075495775
113,MOSSE,114.90056723479303
114,Fuse,56.64972466259502
114,CSRT,42.779312350917834
114,KCF,47.38381672002079
114,MIL,89.90202396522271
114,BOOSTING,41.689222880114066
114,MEDIANFLOW,71.08754178118151
114,MOSSE,115.7249362478339
115,Fuse,56.92932702800964
115,CSRT,42.60959500167652
115,KCF,47.34448225506326
115,MIL,90.39921040241066
115,BOOSTING,41.89879020556149
115,MEDIANFLOW,71.35538735335844
115,MOSSE,116.31556363972788
116,Fuse,57.163732450674594
116,CSRT,42.44252020518482
116,KCF,47.2743402689371
116,MIL,90.85496096319635
116,BOOSTING,42.07512613547628
116,MEDIANFLOW,71.57694196240612
116,MOSSE,116.82659368248734
117,Fuse,57.34167591386015
117,CSRT,42.28354650552323
117,KCF,47.16792935164776
117,MIL,91.18843407184146
117,BOOSTING,42.29126206981328
117,MEDIANFLOW,71.7362214650693
117,MOSSE,117.25125130335877
118,Fuse,57.47180529060614
118,CSRT,42.14480838667534
118,KCF,47.02797308093174
118,MIL,91.46749434093186
118,BOOSTING,42.54597118254026
118,MEDIANFLOW,71.7362214650693
118,MOSSE,117.61984769344232
119,Fuse,57.543461835381436
119,CSRT,41.98561261511694
119,KCF,46.853050416523935
119,MIL,91.70859647092342
119,BOOSTING,42.73825374688738
119,MEDIANFLOW,71.67665151833863
119,MOSSE,117.93306717512834
120,Fuse,57.57180209698333
120,CSRT,41.8478155872142
120,KCF,46.664443079649885
120,MIL,91.91641909459676
120,BOOSTING,42.88327420582027
120,MEDIANFLOW,71.60858828357382
120,MOSSE,118.20146689808678
121,Fuse,57.619014393445944
121,CSRT,41.73354196075579
121,KCF,46.4742128391261
121,MIL,92.1275398920289
121,BOOSTING,43.080176872249055
121,MEDIANFLOW,71.60091945405915
121,MOSSE,118.47134259555533
122,Fuse,57.74875495789491
122,CSRT,41.56863263943373
122,KCF,46.29342610795844
122,MIL,92.44985456860437
122,BOOSTING,43.31900951505994
122,MEDIANFLOW,71.69840414559305
122,MOSSE,118.82979561205704
123,Fuse,57.82976965252858
123,CSRT,41.40788455386011
123,KCF,46.110316528110936
123,MIL,92.73418480936824
123,BOOSTING,43.57150222853939
123,MEDIANFLOW,71.79695870082885
123,MOSSE,119.14053777759895
124,Fuse,57.85976149276801
124,CSRT,41.25985942777799
124,KCF,45.9256790913319
124,MIL,92.94036797861304
124,BOOSTING,43.76080438017565
124,MEDIANFLOW,71.85639472875489
124,MOSSE,119.37473769604689
125,Fuse,57.90447799115861
125,CSRT,41.09908661557968
125,KCF,45.74870975715538
125,MIL,93.13154206274116
125,BOOSTING,43.94630562149426
125,MEDIANFLOW,71.91196454805898
125,MOSSE,119.54769254841682
126,Fuse,57.89251512144393
126,CSRT,40.9412869409103
126,KCF,45.578348223379635
126,MIL,93.28864697026808
126,BOOSTING,44.091976165791486
126,MEDIANFLOW,71.95148365391779
126,MOSSE,119.62145016084146
127,Fuse,57.836110043812596
127,CSRT,40.78267478354013
127,KCF,45.426279563706295
127,MIL,93.36705120115982
127,BOOSTING,44.19885815832803
127,MEDIANFLOW,71.94800812403268
127,MOSSE,119.58397938269157
128,Fuse,57.79454388024514
128,CSRT,40.63469323833568
128,KCF,45.27675447869504
128,MIL,93.44035945561103
128,BOOSTING,44.28090389335343
128,MEDIANFLOW,71.9878598688969
128,MOSSE,119.49969997691895
129,Fuse,57.792799657982414
129,CSRT,40.50289638266152
129,KCF,45.12827870040623
129,MIL,93.46644811415979
129,BOOSTING,44.571808958647324
129,MEDIANFLOW,71.99148170096237
129,MOSSE,119.35673742705423
130,Fuse,57.834061122786444
130,CSRT,40.40283793221832
130,KCF,44.993214076981644
130,MIL,93.48376190792717
130,BOOSTING,45.20031750209368
130,MEDIANFLOW,71.97566341501138
130,MOSSE,119.17739680156194
131,Fuse,57.95054056275188
131,CSRT,40.299259336001484
131,KCF,44.85971399144158
131,MIL,93.42048149970307
131,BOOSTING,45.960045230349344
131,MEDIANFLOW,71.90212364468371
131,MOSSE,118.93727656868455
132,Fuse,58.085495711322594
132,CSRT,40.263138237746446
132,KCF,44.71362511222605
132,MIL,93.3846439695698
132,BOOSTING,46.69441530903489
132,MEDIANFLOW,71.82580709525996
132,MOSSE,118.67907062541094
133,Fuse,58.072394345976704
133,CSRT,40.24087919279293
133,KCF,44.55359006926043
133,MIL,93.30038953062932
133,BOOSTING,47.25913005054503
133,MEDIANFLOW,71.71323363778738
133,MOSSE,118.38947235366456
134,Fuse,58.00485292596614
134,CSRT,40.20678033846014
134,KCF,44.39669657380678
134,MIL,93.15804969095382
134,BOOSTING,47.67226074400546
134,MEDIANFLOW,71.54450741568763
134,MOSSE,118.06115803699808
135,Fuse,57.94685699236946
135,CSRT,40.27543040263688
135,KCF,44.268482348187234
135,MIL,93.02324187756393
135,BOOSTING,47.970502578637415
135,MEDIANFLOW,71.36013352507419
135,MOSSE,117.72681487739516
136,Fuse,57.81691465685415
136,CSRT,40.29634748259395
136,KCF,44.172769628384586
136,MIL,92.81132261658281
136,BOOSTING,48.03435510208285
136,MEDIANFLOW,71.12581445214867
136,MOSSE,117.3486601082308
137,Fuse,57.689071629791776
137,CSRT,40.336806653656815
137,KCF,44.05990651736384
137,MIL,92.60305657458895
137,BOOSTING,48.04873733429724
137,MEDIANFLOW,70.89879904400605
137,MOSSE,116.9776393843799
138,Fuse,57.53047362644821
138,CSRT,40.318159144913004
138,KCF,43.95263965194924
138,MIL,92.35640224679187
138,BOOSTING,47.9892074197624
138,MEDIANFLOW,70.65816755574522
138,MOSSE,116.58797277456819
139,Fuse,57.380932622008054
139,CSRT,40.30526374698825
139,KCF,43.839805786848224
139,MIL,92.11227620991367
139,BOOSTING,47.939843256195275
139,MEDIANFLOW,70.4262385227535
139,MOSSE,116.20443807605383
140,Fuse,57.19774086695809
140,CSRT,40.208763731941126
140,KCF,43.747178227136885
140,MIL,91.82986117954943
140,BOOSTING,47.82963264405496
140,MEDIANFLOW,70.17706280462934
140,MOSSE,115.80400414444452
141,Fuse,57.01383573123924
141,CSRT,40.106021464943126
141,KCF,43.650339204593315
141,MIL,91.54307075260749
141,BOOSTING,47.733635939450494
141,MEDIANFLOW,69.93175244479434
141,MOSSE,115.40656851469949
142,Fuse,56.8255212042957
142,CSRT,39.992219523022506
142,KCF,43.61889947727237
142,MIL,91.2448484990927
142,BOOSTING,47.61419838779068
142,MEDIANFLOW,69.68337714007114
142,MOSSE,115.0071144044418
143,Fuse,56.639209034025185
143,CSRT,39.886731990586654
143,KCF,43.593609368550545
143,MIL,90.94690911613093
143,BOOSTING,47.50270460136396
143,MEDIANFLOW,69.43783317512391
143,MOSSE,114.61005748963647
144,Fuse,56.4665906715552
144,CSRT,39.80443572578659
144,KCF,43.514484310716426
144,MIL,90.65139746340905
144,BOOSTING,47.438308395728825
144,MEDIANFLOW,69.20371266163288
144,MOSSE,114.21443836500919
145,Fuse,56.282190180436736
145,CSRT,39.717926665803404
145,KCF,43.40727797065738
145,MIL,90.36258772453328
145,BOOSTING,47.36415325643044
145,MEDIANFLOW,68.98983419477265
145,MOSSE,113.84022088177342
146,Fuse,56.0919434718479
146,CSRT,39.60742732518395
146,KCF,43.351435256234716
146,MIL,90.07846164150828
146,BOOSTING,47.28413175311839
146,MEDIANFLOW,68.7616573188967
146,MOSSE,113.47767918612624
147,Fuse,55.90605053557697
147,CSRT,39.47587357607928
147,KCF,43.3050930154997
147,MIL,89.78213119034923
147,BOOSTING,47.17943035527929
147,MEDIANFLOW,68.56418850395212
147,MOSSE,113.15732888806222
148,Fuse,55.75961108354254
148,CSRT,39.37941410221281
148,KCF,43.425010577133556
148,MIL,89.4959411925082
148,BOOSTING,47.05487300828155
148,MEDIANFLOW,68.39908898625522
148,MOSSE,112.88561057028262
149,Fuse,55.66668662674293
149,CSRT,39.3409879557356
149,KCF,43.626750203669005
149,MIL,89.21513324543096
149,BOOSTING,46.90060411835509
149,MEDIANFLOW,68.31979650580493
149,MOSSE,112.68726636137731
150,Fuse,55.60093143247638
150,CSRT,39.34311623018679
150,KCF,43.885386546296715
150,MIL,88.95143402944126
150,BOOSTING,46.752766678058535
150,MEDIANFLOW,68.2628162364908
150,MOSSE,112.50336271648308
151,Fuse,55.558646112866505
151,CSRT,39.364608068937414
151,KCF,44.15433459081786
151,MIL,88.70026404755097
151,BOOSTING,46.60556777219242
151,MEDIANFLOW,68.23840560857207
151,MOSSE,112.3363429499484
152,Fuse,55.58206557039686
152,CSRT,39.51205656985074
152,KCF,44.51598816845897
152,MIL,88.47679803682813
152,BOOSTING,46.485432393779035
152,MEDIANFLOW,68.27801562156404
152,MOSSE,112.21122705471223
153,Fuse,55.62145946706858
153,CSRT,39.686433286615554
153,KCF,44.845477844671066
153,MIL,88.2653908436326
153,BOOSTING,46.37712434312484
153,MEDIANFLOW,68.33340286688802
153,MOSSE,112.09825815113935
154,Fuse,55.735203446527464
154,CSRT,39.92347518650828
154,KCF,45.274930754653944
154,MIL,88.08251263592601
154,BOOSTING,46.42920382412276
154,MEDIANFLOW,68.4074203825776
154,MOSSE,112.00348496882269
155,Fuse,55.84726194422307
155,CSRT,40.12800032715822
155,KCF,45.65246363447909
155,MIL,87.89504230352507
155,BOOSTING,46.56749994665863
155,MEDIANFLOW,68.46441866675437
155,MOSSE,111.90984810356997
156,Fuse,55.952379661716954
156,CSRT,40.331271551590746
156,KCF,46.06164520765263
156,MIL,87.70205061187944
156,BOOSTING,46.71065563999794
156,MEDIANFLOW,68.46441866675437
156,MOSSE,111.80112005637453
157,Fuse,56.07386629270946
157,CSRT,40.525269503785296
157,KCF,46.483153338643
157,MIL,87.51849714073107
157,BOOSTING,46.888367292344185
157,MEDIANFLOW,68.46441866675437
157,MOSSE,111.7055351461085
158,Fuse,56.17296961816484
158,CSRT,40.69807530256601
158,KCF,46.905029165392165
158,MIL,87.32906034003923
158,BOOSTING,47.00428188711397
158,MEDIANFLOW,68.47999472414813
158,MOSSE,111.59095339902399
159,Fuse,56.28948614084161
159,CSRT,40.90430906396048
159,KCF,47.30525869287684
159,MIL,87.14617748358215
159,BOOSTING,47.13252592424896
159,MEDIANFLOW,68.52802159401469
159,MOSSE,111.50661415360078
160,Fuse,56.36929034864585
160,CSRT,41.05132373169255
160,KCF,47.66204787305531
160,MIL,86.9469031947388
160,BOOSTING,47.2186009247619
160,MEDIANFLOW,68.54446694697236
160,MOSSE,111.38989215603972
161,Fuse,56.24209135075058
161,CSRT,40.98004633392774
161,KCF,47.569766827780256
161,MIL,86.70052757325922
161,BOOSTING,47.13979734605528
161,MEDIANFLOW,68.36688998023547
161,MOSSE,111.07296567438769
162,Fuse,56.1026666251613
162,CSRT,40.904647462716014
162,KCF,47.49504333195512
162,MIL,86.46514244998215
162,BOOSTING,47.03418675736172
162,MEDIANFLOW,68.18002437129545
162,MOSSE,110.7373225305136
163,Fuse,55.97326234516777
163,CSRT,40.83249542860232
163,KCF,47.440399064664646
163,MIL,86.24871861897215
163,BOOSTING,46.962361680756075
163,MEDIANFLOW,68.00018382328095
163,MOSSE,110.4041632742746
164,Fuse,55.8153883419042
164,CSRT,40.725615496585895
164,KCF,47.3274857676901
164,MIL,86.00930182253545
164,BOOSTING,46.86259734909099
164,MEDIANFLOW,67.79696579809875
164,MOSSE,110.07047329283677
165,Fuse,55.652752992665604
165,CSRT,40.61018033680658
165,KCF,47.20475777531865
165,MIL,85.76235026450456
165,BOOSTING,46.733930296561354
165,MEDIANFLOW,67.59638751396609
165,MOSSE,109.74450064439105
166,Fuse,55.50152395814593
166,CSRT,40.505119067331265
166,KCF,47.09691880026805
166,MIL,85.51839106052475
166,BOOSTING,46.60253648875379
166,MEDIANFLOW,67.40883414097442
166,MOSSE,109.42823640247379
167,Fuse,55.344322632218095
167,CSRT,40.394999101138154
167,KCF,46.9680108969823
167,MIL,85.27780233700075
167,BOOSTING,46.48834979504721
167,MEDIANFLOW,67.40883414097442
167,MOSSE,109.10351681294412
168,Fuse,55.19132939363471
168,CSRT,40.28772259281947
168,KCF,46.83920625505465
168,MIL,85.04074902117713
168,BOOSTING,46.37976757419863
168,MEDIANFLOW,67.40883414097442
168,MOSSE,108.78225903913194
169,Fuse,55.041802296073115
169,CSRT,40.17967001299216
169,KCF,46.71584943287764
169,MIL,84.80486251319763
169,BOOSTING,46.27017842806213
169,MEDIANFLOW,67.40883414097442
169,MOSSE,108.4671812658774
170,Fuse,54.88280975877186
170,CSRT,40.0641298785332
170,KCF,46.58068520232531
170,MIL,84.5604389549706
170,BOOSTING,46.14736121782503
170,MEDIANFLOW,67.20527345742896
170,MOSSE,108.15047996097601
171,Fuse,54.72372471343328
171,CSRT,39.94822230232879
171,KCF,46.45290187946557
171,MIL,84.3154376330682
171,BOOSTING,46.01617511368175
171,MEDIANFLOW,67.00208047425683
171,MOSSE,107.83956645416957
172,Fuse,54.56618190869218
172,CSRT,39.836370519726955
172,KCF,46.32924393868991
172,MIL,84.07146698311884
172,BOOSTING,45.886325994731784
172,MEDIANFLOW,66.80018757639056
172,MOSSE,107.53208957802941
173,Fuse,54.41338155228016
173,CSRT,39.72708621721891
173,KCF,46.21893178311691
173,MIL,83.83039116429447
173,BOOSTING,45.75854922947413
173,MEDIANFLOW,66.60078581111999
173,MOSSE,107.23049617690309
174,Fuse,54.26048285815378
174,CSRT,39.61457163360833
174,KCF,46.10683246548173
174,MIL,83.59251504428235
174,BOOSTING,45.62887556925204
174,MEDIANFLOW,66.40379722360977
174,MOSSE,106.93207456805732
175,Fuse,54.11136454320176
175,CSRT,39.50366783891431
175,KCF,45.998517762680535
175,MIL,83.35912858338803
175,BOOSTING,45.499188304448204
175,MEDIANFLOW,66.21008343091702
175,MOSSE,106.6372621639274
176,Fuse,53.96169388352872
176,CSRT,39.393351700408665
176,KCF,45.8863740344985
176,MIL,83.1277350767062
176,BOOSTING,45.371100087653176
176,MEDIANFLOW,66.01635269786883
176,MOSSE,106.34423371860714
177,Fuse,53.8206029636494
177,CSRT,39.2903338886125
177,KCF,45.790006760221424
177,MIL,82.90366007561177
177,BOOSTING,45.24471537829497
177,MEDIANFLOW,65.82872513296593
177,MOSSE,106.06040254856686
178,Fuse,53.67885053178214
178,CSRT,39.1886997735844
178,KCF,45.686201968201836
178,MIL,82.67851855329532
178,BOOSTING,45.11939468273386
178,MEDIANFLOW,65.64084803102836
178,MOSSE,105.77780548904488
179,Fuse,53.538770998221466
179,CSRT,39.08857463078779
179,KCF,45.58447591499154
179,MIL,82.45355595054035
179,BOOSTING,44.99808637906481
179,MEDIANFLOW,65.45478958616233
179,MOSSE,105.49968404376068
180,Fuse,53.409550742327326
180,CSRT,39.00368306734224
180,KCF,45.496584778632965
180,MIL,82.2346729577256
180,BOOSTING,44.877365124887696
180,MEDIANFLOW,65.27704002191727
180,MOSSE,105.235148425269
181,Fuse,53.36243482590961
181,CSRT,39.012677567542205
181,KCF,45.51125932420158
181,MIL,82.05214771750308
181,BOOSTING,44.81439133057226
181,MEDIANFLOW,65.27704002191727
181,MOSSE,105.04632677647881
182,Fuse,53.3254263264362
182,CSRT,39.02444238967594
182,KCF,45.52522869890311
182,MIL,81.86854717407316
182,BOOSTING,44.782168582492965
182,MEDIANFLOW,65.18308281842987
182,MOSSE,104.89034086395837
183,Fuse,53.24415665020251
183,CSRT,38.951544591799646
183,KCF,45.479092186266826
183,MIL,81.66896994681586
183,BOOSTING,44.72172412481044
183,MEDIANFLOW,65.05810340135822
183,MOSSE,104.71410353080844
184,Fuse,53.17741849542753
184,CSRT,38.89743964338541
184,KCF,45.4384644772912
184,MIL,81.47597888417872
184,BOOSTING,44.687443063656794
184,MEDIANFLOW,64.93717085146297
184,MOSSE,104.56419210356033
185,Fuse,53.1186033467125
185,CSRT,38.83962060875798
185,KCF,45.399836577793124
185,MIL,81.28590191086253
185,BOOSTING,44.66849217903361
185,MEDIANFLOW,64.82322548128681
185,MOSSE,104.43213055603681
186,Fuse,53.068566282430574
186,CSRT,38.793915946169996
186,KCF,45.36630472363905
186,MIL,81.10009000568668
186,BOOSTING,44.674102129416305
186,MEDIANFLOW,64.71730532816201
186,MOSSE,104.31039139994968
187,Fuse,53.0296986241692
187,CSRT,38.776432302722995
187,KCF,45.3406726432756
187,MIL,80.91363270454991
187,BOOSTING,44.698457777193774
187,MEDIANFLOW,64.61389599424845
187,MOSSE,104.19169628366785
188,Fuse,53.046101542798496
188,CSRT,38.79589789039162
188,KCF,45.40068526159294
188,MIL,80.76630341420713
188,BOOSTING,44.786678385950445
188,MEDIANFLOW,64.55936494583838
188,MOSSE,104.12495037696436
189,Fuse,53.04903392145798
189,CSRT,38.78673131775594
189,KCF,45.4391438021634
189,MIL,80.61389458399836
189,BOOSTING,44.847050011531884
189,MEDIANFLOW,64.55936494583838
189,MOSSE,104.0446513458727
190,Fuse,53.007358967524894
190,CSRT,38.73497006271158
190,KCF,45.44492092298473
190,MIL,80.45062874161684
190,BOOSTING,44.83851186866998
190,MEDIANFLOW,64.55936494583838
190,MOSSE,103.9257185388775
191,Fuse,52.942037881063854
191,CSRT,38.66765444140619
191,KCF,45.427942025439215
191,MIL,80.2738801437512
191,BOOSTING,44.79379839888553
191,MEDIANFLOW,64.44633170576638
191,MOSSE,103.77856032598127
192,Fuse,52.88285029120764
192,CSRT,38.607094840465855
192,KCF,45.419974606600654
192,MIL,80.09919368517728
192,BOOSTING,44.75784008086922
192,MEDIANFLOW,64.33905238035595
192,MOSSE,103.63824588617223
193,Fuse,52.83952558376661
193,CSRT,38.56792107545433
193,KCF,45.4272954869397
193,MIL,79.93122043357026
193,BOOSTING,44.744117853347234
193,MEDIANFLOW,64.23682405923716
193,MOSSE,103.50387213235915
194,Fuse,52.80928434300651
194,CSRT,38.55106503567204
194,KCF,45.44294817088278
194,MIL,79.76953984560453
194,BOOSTING,44.74549110646764
194,MEDIANFLOW,64.14881347515534
194,MOSSE,103.38134533900478
195,Fuse,52.79673188710816
195,CSRT,38.550655782029054
195,KCF,45.47801666739657
195,MIL,79.62197035533161
195,BOOSTING,44.768280954173754
195,MEDIANFLOW,64.07493093397407
195,MOSSE,103.27929243027354
196,Fuse,52.762902288142
196,CSRT,38.52001918707452
196,KCF,45.49128326165221
196,MIL,79.47566112125082
196,BOOSTING,44.74995391768038
196,MEDIANFLOW,63.9820746955969
196,MOSSE,103.16250548562238
197,Fuse,52.71818538898196
197,CSRT,38.47726601514198
197,KCF,45.48587304278821
197,MIL,79.32518420076217
197,BOOSTING,44.710290773043525
197,MEDIANFLOW,63.87908291485213
197,MOSSE,103.0325779606243
198,Fuse,52.69829743705027
198,CSRT,38.44705293513386
198,KCF,45.52342154921727
198,MIL,79.19697471507419
198,BOOSTING,44.69011110022836
198,MEDIANFLOW,63.800034831059804
198,MOSSE,102.92613343910097
199,Fuse,52.6806416058119
199,CSRT,38.41503611868665
199,KCF,45.57570624795627
199,MIL,79.07252999620033
199,BOOSTING,44.675160883873716
199,MEDIANFLOW,63.72325032183267
199,MOSSE,102.81315577298462
200,Fuse,52.67236570966541
200,CSRT,38.39102299713006
200,KCF,45.638695722639596
200,MIL,78.96412687628056
200,BOOSTING,44.652945839432626
200,MEDIANFLOW,63.65211405001918
200,MOSSE,102.69275045018941
201,Fuse,52.64936320170031
201,CSRT,38.35949028662275
201,KCF,45.694963649950495
201,MIL,78.85012101549633
201,BOOSTING,44.62633640564839
201,MEDIANFLOW,63.5727519592055
201,MOSSE,102.54269818224527
202,Fuse,52.61417329510266
202,CSRT,38.32310136878496
202,KCF,45.738494205830044
202,MIL,78.7370444421664
202,BOOSTING,44.60389432731812
202,MEDIANFLOW,63.48889177043762
202,MOSSE,102.37593717429536
203,Fuse,52.61513984754265
203,CSRT,38.34844118313638
203,KCF,45.81944531121531
203,MIL,78.64851069978451
203,BOOSTING,44.637702783677405
203,MEDIANFLOW,63.42175957531347
203,MOSSE,102.21886361348072
204,Fuse,52.63069678336436
204,CSRT,38.38775211177547
204,KCF,45.91306737844425
204,MIL,78.5765123474116
204,BOOSTING,44.68229310446333
204,MEDIANFLOW,63.36236851309887
204,MOSSE,102.06740957602959
205,Fuse,52.65407350158846
205,CSRT,38.45663299561239
205,KCF,46.01677617261327
205,MIL,78.52323260190214
205,BOOSTING,44.69948198044792
205,MEDIANFLOW,63.31122510653064
205,MOSSE,101.92175277790501
206,Fuse,52.589652000983435
206,CSRT,38.42465492727545
206,KCF,46.009135828769324
206,MIL,78.4068726653437
206,BOOSTING,44.62847166430627
206,MEDIANFLOW,63.191996537504174
206,MOSSE,101.72526227789854
207,Fuse,52.52741957960916
207,CSRT,38.40097154219689
207,KCF,45.99890257888267
207,MIL,78.28909689291154
207,BOOSTING,44.563858674939716
207,MEDIANFLOW,63.07467115581453
207,MOSSE,101.53206200695726
208,Fuse,52.45385303830972
208,CSRT,38.35124746104332
208,KCF,45.986892245217064
208,MIL,78.16602989576144
208,BOOSTING,44.48170421161242
208,MEDIANFLOW,62.94577709641336
208,MOSSE,101.32941684280705
209,Fuse,52.381794365527234
209,CSRT,38.3080869244279
209,KCF,45.97566644173747
209,MIL,78.05370556470046
209,BOOSTING,44.40983374584207
209,MEDIANFLOW,62.81978191620853
209,MOSSE,101.13025547000548
210,Fuse,52.313763560079536
210,CSRT,38.283242222558556
210,KCF,45.969802575333794
210,MIL,77.95186265250665
210,BOOSTING,44.356323250719
210,MEDIANFLOW,62.70002816856073
210,MOSSE,100.93395616495474
211,Fuse,52.25766171143873
211,CSRT,38.2864082489305
211,KCF,45.96609702238921
211,MIL,77.87438482145946
211,BOOSTING,44.31554946661839
211,MEDIANFLOW,62.58768107049644
211,MOSSE,100.74493760398181
212,Fuse,52.20778277383195
212,CSRT,38.32190072422519
212,KCF,45.96671586198159
212,MIL,77.80778652032512
212,BOOSTING,44.291660317817396
212,MEDIANFLOW,62.47848890902116
212,MOSSE,100.56355288579498
213,Fuse,52.15671030564084
213,CSRT,38.36318084908775
213,KCF,45.98018671225094
213,MIL,77.75437602253783
213,BOOSTING,44.26507874455531
213,MEDIANFLOW,62.37017889734063
213,MOSSE,100.38814857258687
214,Fuse,52.07324894620993
214,CSRT,38.401550356299964
214,KCF,45.9478976921206
214,MIL,77.66586152558682
214,BOOSTING,44.236310456351326
214,MEDIANFLOW,62.239192420618146
214,MOSSE,100.19694559704274
215,Fuse,52.00048967005913
215,CSRT,38.50354721513523
215,KCF,45.91003682727211
215,MIL,77.57048765835854
215,BOOSTING,44.28715222106578
215,MEDIANFLOW,62.10971345010673
215,MOSSE,100.04401808981662
216,Fuse,51.89696456321483
216,CSRT,38.59598126211139
216,KCF,45.88580295082997
216,MIL,77.47724506139946
216,BOOSTING,44.39168976076117
216,MEDIANFLOW,61.96052194900586
216,MOSSE,99.92132850098082
217,Fuse,51.79662062583698
217,CSRT,38.77972372873567
217,KCF,45.92549810450387
217,MIL,77.48145679315142
217,BOOSTING,44.55256662259258
217,MEDIANFLOW,61.96052194900586
217,MOSSE,99.85255184566763
218,Fuse,51.697000964038516
218,CSRT,39.110427903262014
218,KCF,46.048217730596086
218,MIL,77.56676311234102
218,BOOSTING,44.770750399386884
218,MEDIANFLOW,61.83045210648478
218,MOSSE,99.82315412997437
219,Fuse,51.605452495571896
219,CSRT,39.50310689737523
219,KCF,46.23861039119895
219,MIL,77.68069843333612
219,BOOSTING,45.06868495570249
219,MEDIANFLOW,61.72267812737318
219,MOSSE,99.83791409534301
220,Fuse,51.548860975518195
220,CSRT,40.10969122689356
220,KCF,46.40403906589338
220,MIL,77.71912533886955
220,BOOSTING,45.43535012216789
220,MEDIANFLOW,61.67607392853484
220,MOSSE,99.9223001303934
221,Fuse,51.514757791047316
221,CSRT,40.69486542639098
221,KCF,46.63853721069255
221,MIL,77.78692889108238
221,BOOSTING,45.8255603564428
221,MEDIANFLOW,61.67069710581021
221,MOSSE,100.03348538463608
222,Fuse,51.51598646038477
222,CSRT,41.43031320202561
222,KCF,46.81884753285724
222,MIL,77.7869056498776
222,BOOSTING,46.30010314858388
222,MEDIANFLOW,61.72382188976348
222,MOSSE,100.18789522579952
223,Fuse,51.528035018396956
223,CSRT,42.179833959572946
223,KCF,46.97686550694014
223,MIL,77.78409909119326
223,BOOSTING,46.83934358146853
223,MEDIANFLOW,61.81682011254131
223,MOSSE,100.364959024552
224,Fuse,51.50896362123134
224,CSRT,42.896050064208836
224,KCF,47.161283556182674
224,MIL,77.79880033350986
224,BOOSTING,47.25058494640863
224,MEDIANFLOW,61.87207937032242
224,MOSSE,100.52495544225158
225,Fuse,51.52840955386109
225,CSRT,43.9198787818499
225,KCF,47.240862767780264
225,MIL,77.75389470369262
225,BOOSTING,47.343781305664464
225,MEDIANFLOW,62.02868803654389
225,MOSSE,100.86021607076155
226,Fuse,51.48302829713081
226,CSRT,44.89213700368595
226,KCF,47.36776167199562
226,MIL,77.73914361079113
226,BOOSTING,47.31230013953446
226,MEDIANFLOW,62.02868803654389
226,MOSSE,101.28422084446562
227,Fuse,51.43050156500586
227,CSRT,45.8733477641181
227,KCF,47.57178324809265
227,MIL,77.74686206788998
227,BOOSTING,47.25690332936239
227,MEDIANFLOW,62.02868803654389
227,MOSSE,101.77889261755672
228,Fuse,51.39775537552123
228,CSRT,46.88273953573474
228,KCF,47.83336249612387
228,MIL,77.7885387994848
228,BOOSTING,47.222136027549276
228,MEDIANFLOW,61.94811897422265
228,MOSSE,102.31520779788745
229,Fuse,51.367558701543544
229,CSRT,47.26152953421042
229,KCF,48.10690088795451
229,MIL,77.83072490431034
229,BOOSTING,47.21804187236982
229,MEDIANFLOW,61.91621364005342
229,MOSSE,102.89084549636338
230,Fuse,51.33241973662761
230,CSRT,47.517460905535465
230,KCF,48.33070600412478
230,MIL,77.84716962216301
230,BOOSTING,47.267682048454276
230,MEDIANFLOW,61.95114974016576
230,MOSSE,103.46653891633119
231,Fuse,51.328766217193554
231,CSRT,47.82227334188753
231,KCF,48.551962920651064
231,MIL,77.83996624374645
231,BOOSTING,47.35322149766473
231,MEDIANFLOW,62.06352615295728
231,MOSSE,104.03654861766543
232,Fuse,51.35189546045963
232,CSRT,48.17078879055088
232,KCF,48.72829108363365
232,MIL,77.78221494257791
232,BOOSTING,47.49953693020271
232,MEDIANFLOW,62.260961064918305
232,MOSSE,104.60579998526822
233,Fuse,51.43488124363668
233,CSRT,48.57098954768192
233,KCF,48.81921997857236
233,MIL,77.65483567862019
233,BOOSTING,47.756549647017366
233,MEDIANFLOW,62.60072426684081
233,MOSSE,105.21402688326046
234,Fuse,51.624998068105675
234,CSRT,49.09162081295089
234,KCF,48.822126131499026
234,MIL,77.49586124844538
234,BOOSTING,48.073215438050234
234,MEDIANFLOW,63.15828107594814
234,MOSSE,105.90535718674039
235,Fuse,51.78987041851043
235,CSRT,49.699265076583806
235,KCF,48.808949582243976
235,MIL,77.35615409436528
235,BOOSTING,48.35243144991412
235,MEDIANFLOW,63.15828107594814
235,MOSSE,106.53198373879101
236,Fuse,51.83709471204626
236,CSRT,49.807265665564984
236,KCF,48.78697342909589
236,MIL,77.23827454605858
236,BOOSTING,48.289649981736765
236,MEDIANFLOW,63.28000272119636
236,MOSSE,106.99116647948722
237,Fuse,51.85082837680941
237,CSRT,49.82127722033575
237,KCF,48.74043754523384
237,MIL,77.16772086084403
237,BOOSTING,48.201389498434914
237,MEDIANFLOW,63.28000272119636
237,MOSSE,107.56336807324557
238,Fuse,51.79534073809856
238,CSRT,49.76270048774118
238,KCF,48.74043754523384
238,MIL,77.11560088322979
238,BOOSTING,48.11040301910896
238,MEDIANFLOW,63.28000272119636
238,MOSSE,107.42649525533814
239,Fuse,51.71705875885313
239,CSRT,49.74250362282408
239,KCF,48.67490998373481
239,MIL,77.11122918658907
239,BOOSTING,48.054352907237586
239,MEDIANFLOW,63.142448083678225
239,MOSSE,107.20902480668313
240,Fuse,51.70740374124146
240,CSRT,49.8018063629468
240,KCF,48.6244965698018
240,MIL,77.20442229287623
240,BOOSTING,48.10094848143099
240,MEDIANFLOW,63.142448083678225
240,MOSSE,106.9996509863622
241,Fuse,51.66772415162356
241,CSRT,49.714183086921985
241,KCF,48.55026911053526
241,MIL,77.24895356214401
241,BOOSTING,48.1005747289593
241,MEDIANFLOW,63.142448083678225
241,MOSSE,106.9996509863622
242,Fuse,51.65037576700123
242,CSRT,49.61842051416981
242,KCF,48.52152968502958
242,MIL,77.33804264077396
242,BOOSTING,48.14821937316669
242,MEDIANFLOW,63.142448083678225
242,MOSSE,106.9996509863622
243,Fuse,51.58082945448933
243,CSRT,49.534927237187325
243,KCF,48.52152968502958
243,MIL,77.36339096947006
243,BOOSTING,48.14782564928658
243,MEDIANFLOW,63.008359233782095
243,MOSSE,106.9996509863622
244,Fuse,51.59093418223708
244,CSRT,49.534927237187325
244,KCF,48.448819034560806
244,MIL,77.42361607759362
244,BOOSTING,48.14349300131168
244,MEDIANFLOW,63.008359233782095
244,MOSSE,106.9996509863622
245,Fuse,51.5700644241933
245,CSRT,49.56302934195024
245,KCF,48.39573887217352
245,MIL,77.31558178654463
245,BOOSTING,48.127413887302055
245,MEDIANFLOW,62.983071190893575
245,MOSSE,106.9996509863622
246,Fuse,51.50570897172625
246,CSRT,49.47739074690531
246,KCF,48.36991812678451
246,MIL,77.18797707977595
246,BOOSTING,48.10687326215173
246,MEDIANFLOW,62.983071190893575
246,MOSSE,106.9996509863622
247,Fuse,51.43767760522781
247,CSRT,49.37782944283629
247,KCF,48.34946464757719
247,MIL,77.05527969602251
247,BOOSTING,48.119265473170096
247,MEDIANFLOW,62.983071190893575
247,MOSSE,106.9996509863622
248,Fuse,51.37936703998716
248,CSRT,49.28067245299474
248,KCF,48.325440278777094
248,MIL,76.92955626094579
248,BOOSTING,48.17054708455887
248,MEDIANFLOW,62.87660105597649
248,MOSSE,106.9996509863622
249,Fuse,51.323483903569915
249,CSRT,49.189535897048955
249,KCF,48.2882390676867
249,MIL,76.81161370522038
249,BOOSTING,48.19564295659931
249,MEDIANFLOW,62.87660105597649
249,MOSSE,106.9996509863622
250,Fuse,51.28585617716352
250,CSRT,49.11598517794385
250,KCF,48.23969603026505
250,MIL,76.70775502695213
250,BOOSTING,48.298457903504264
250,MEDIANFLOW,62.78318302041908
250,MOSSE,106.9996509863622
251,Fuse,51.301164936183696
251,CSRT,49.20382034207283
251,KCF,48.203443860371635
251,MIL,76.62882088663632
251,BOOSTING,48.484329001546044
251,MEDIANFLOW,62.712346694631016
251,MOSSE,106.9996509863622
252,Fuse,51.34033540527069
252,CSRT,49.405995394813985
252,KCF,48.18585367121666
252,MIL,76.56258903358541
252,BOOSTING,48.73340398568133
252,MEDIANFLOW,62.657557925739425
252,MOSSE,106.9996509863622
253,Fuse,51.42240542339068
253,CSRT,49.66341254338595
253,KCF,48.163247530647396
253,MIL,76.50667718273554
253,BOOSTING,49.174524484408764
253,MEDIANFLOW,62.657557925739425
253,MOSSE,106.9996509863622
254,Fuse,51.40889524006445
254,CSRT,49.86979108630921
254,KCF,48.121880834187714
254,MIL,76.4446486925376
254,BOOSTING,49.1263277523506
254,MEDIANFLOW,62.657557925739425
254,MOSSE,106.9996509863622
255,Fuse,51.39389099153712
255,CSRT,50.08490829796623
255,KCF,48.10078002870721
255,MIL,76.39990387755734
255,BOOSTING,49.030363679050964
255,MEDIANFLOW,62.62352295827525
255,MOSSE,106.9996509863622
256,Fuse,51.333994470787566
256,CSRT,50.22760695075966
256,KCF,48.076328201447886
256,MIL,76.30175095267198
256,BOOSTING,48.96556401333461
256,MEDIANFLOW,62.55876547639854
256,MOSSE,106.81278516348203
257,Fuse,51.26334199560286
257,CSRT,50.32010374062166
257,KCF,48.037420309587816
257,MIL,76.19856252077567
257,BOOSTING,48.90879028806438
257,MEDIANFLOW,62.477188970302606
257,MOSSE,106.62095857093183
258,Fuse,51.175298698798
258,CSRT,50.37525847741792
258,KCF,47.9757153224461
258,MIL,76.06413672521957
258,BOOSTING,48.86803599578094
258,MEDIANFLOW,62.37918237010159
258,MOSSE,106.41892550161381
259,Fuse,51.0807806698973
259,CSRT,50.41610639253872
259,KCF,47.91279222623879
259,MIL,75.92308861351324
259,BOOSTING,48.8261830767689
259,MEDIANFLOW,62.37918237010159
259,MOSSE,106.212762982648
260,Fuse,50.98418355902227
260,CSRT,50.420501019693596
260,KCF,47.84381765736183
260,MIL,75.78483354978476
260,BOOSTING,48.809112898266335
260,MEDIANFLOW,62.37918237010159
260,MOSSE,105.99888786040293
261,Fuse,50.889230102822495
261,CSRT,50.42155623672611
261,KCF,47.77817332374529
261,MIL,75.65833203360268
261,BOOSTING,48.76912425824387
261,MEDIANFLOW,62.247720628182485
261,MOSSE,105.78715931965975
262,Fuse,50.79272724204136
262,CSRT,50.54897104078819
262,KCF,47.7147093315053
262,MIL,75.5231437848577
262,BOOSTING,48.799036953658856
262,MEDIANFLOW,62.120372487341875
262,MOSSE,105.57444629112396
263,Fuse,50.699612992366696
263,CSRT,50.90720701664688
263,KCF,47.654970183666116
263,MIL,75.38733315352123
263,BOOSTING,48.837043503695206
263,MEDIANFLOW,62.120372487341875
263,MOSSE,105.36288411674003
264,Fuse,50.62719829841633
264,CSRT,51.491173118223955
264,KCF,47.61709601287777
264,MIL,75.24746595118982
264,BOOSTING,48.813198029700864
264,MEDIANFLOW,62.120372487341875
264,MOSSE,105.15424860651137
265,Fuse,50.54540875158358
265,CSRT,51.91615155664786
265,KCF,47.58039448548046
265,MIL,75.10681616595438
265,BOOSTING,48.7984576978024
265,MEDIANFLOW,62.008914562601944
265,MOSSE,104.94618237563063
266,Fuse,50.491331254337176
266,CSRT,52.195410739409255
266,KCF,47.56754879235641
266,MIL,74.9842680129519
266,BOOSTING,48.7723059503583
266,MEDIANFLOW,62.008914562601944
266,MOSSE,104.7489629452017
267,Fuse,50.43885762196598
267,CSRT,52.211934864761496
267,KCF,47.59351696547396
267,MIL,74.88413936447563
267,BOOSTING,48.73423970272836
267,MEDIANFLOW,62.008914562601944
267,MOSSE,104.56971878587281
268,Fuse,50.410729370717625
268,CSRT,52.24093865582615
268,KCF,47.67320088264479
268,MIL,74.82557163833576
268,BOOSTING,48.68730359753468
268,MEDIANFLOW,62.008914562601944
268,MOSSE,104.41499952585477
269,Fuse,50.35043859458094
269,CSRT,52.252710215902326
269,KCF,47.70654230925228
269,MIL,74.7418024738301
269,BOOSTING,48.65056811361793
269,MEDIANFLOW,61.91577363814559
269,MOSSE,104.24046483877517
270,Fuse,50.27892679547563
270,CSRT,52.25252076145156
270,KCF,47.735758108890266
270,MIL,74.65284971439272
270,BOOSTING,48.64640094316585
270,MEDIANFLOW,61.91577363814559
270,MOSSE,104.05591195362231
271,Fuse,50.199198786669186
271,CSRT,52.25529864197851
271,KCF,47.75357267999645
271,MIL,74.55120624739197
271,BOOSTING,48.670523450453835
271,MEDIANFLOW,61.79981855330772
271,MOSSE,103.86544723056205
272,Fuse,50.109294466609605
272,CSRT,52.24834644160859
272,KCF,47.72808900118249
272,MIL,74.43117626371358
272,BOOSTING,48.722620751492556
272,MEDIANFLOW,61.67181284833453
272,MOSSE,103.66555122907468
273,Fuse,50.01926636106601
273,CSRT,52.22738394462845
273,KCF,47.70925270969612
273,MIL,74.30397224893701
273,BOOSTING,48.769269072228425
273,MEDIANFLOW,61.54389857883686
273,MOSSE,103.46597747186509
274,Fuse,49.929586783425684
274,CSRT,52.170131567183404
274,KCF,47.67629708806363
274,MIL,74.1702464236533
274,BOOSTING,48.85470108578926
274,MEDIANFLOW,61.41879675670407
274,MOSSE,103.26699897316217
275,Fuse,49.846212770241955
275,CSRT,52.36070698876817
275,KCF,47.677673852041124
275,MIL,74.03639430144759
275,BOOSTING,48.89151700226337
275,MEDIANFLOW,61.29259248069146
275,MOSSE,103.06961156221656
276,Fuse,49.791732310677794
276,CSRT,52.920127126382305
276,KCF,47.70770854427463
276,MIL,73.90764067524078
276,BOOSTING,48.9134282759241
276,MEDIANFLOW,61.29259248069146
276,MOSSE,102.87569390748509
277,Fuse,49.73776556843911
277,CSRT,53.52896580829313
277,KCF,47.744678738327345
277,MIL,73.77756770457317
277,BOOSTING,48.954170316398034
277,MEDIANFLOW,61.20417322104867
277,MOSSE,102.682592628436
278,Fuse,49.69473119198581
278,CSRT,54.64966908349265
278,KCF,47.82073927380401
278,MIL,73.65060886632186
278,BOOSTING,48.96930499344685
278,MEDIANFLOW,61.11858663821556
278,MOSSE,102.49196199081796
279,Fuse,49.623547117990555
279,CSRT,54.58481283392566
279,KCF,47.940760807089724
279,MIL,73.53160156403115
279,BOOSTING,48.97379036645155
279,MEDIANFLOW,61.04263470749375
279,MOSSE,102.30684515729011
280,Fuse,49.5531276057931
280,CSRT,54.52659901369239
280,KCF,48.126960230989745
280,MIL,73.43905891053807
280,BOOSTING,48.93211944282875
280,MEDIANFLOW,61.04263470749375
280,MOSSE,102.12908314510686
281,Fuse,49.50779005970419
281,CSRT,54.541342182948135
281,KCF,48.4056888628363
281,MIL,73.38272836775037
281,BOOSTING,48.889439605752685
281,MEDIANFLOW,60.964415186470376
281,MOSSE,101.96770069496873
282,Fuse,49.48644387313035
282,CSRT,54.562313910709285
282,KCF,48.74368286472701
282,MIL,73.35501071619542
282,BOOSTING,48.855993769531295
282,MEDIANFLOW,60.90248683942066
282,MOSSE,101.81749475805212
283,Fuse,49.45071525707813
283,CSRT,54.544726678942716
283,KCF,49.06581193365926
283,MIL,73.32570116067234
283,BOOSTING,48.83238794771413
283,MEDIANFLOW,60.823465668306135
283,MOSSE,101.66101920243968
284,Fuse,49.40015626085095
284,CSRT,54.49366806478464
284,KCF,49.37603601811501
284,MIL,73.28571819412068
284,BOOSTING,48.82780341122169
284,MEDIANFLOW,60.734141963149526
284,MOSSE,101.49740007617054
285,Fuse,49.36141155851351
285,CSRT,54.42590327563173
285,KCF,49.74431102018843
285,MIL,73.25837979228184
285,BOOSTING,48.81605261598886
285,MEDIANFLOW,60.64904593568119
285,MOSSE,101.33671176474749
286,Fuse,49.31506473438008
286,CSRT,54.345147942526616
286,KCF,50.09821931912719
286,MIL,73.21409110197641
286,BOOSTING,48.79741953536175
286,MEDIANFLOW,60.56352430457194
286,MOSSE,101.16953956252898
287,Fuse,49.26208960470741
287,CSRT,54.26714793452605
287,KCF,50.43263872683095
287,MIL,73.16144628301318
287,BOOSTING,48.80324727356208
287,MEDIANFLOW,60.47199070709556
287,MOSSE,100.99802340937536
288,Fuse,49.19880579190394
288,CSRT,54.17721051225219
288,KCF,50.77146994404186
288,MIL,73.11016951022032
288,BOOSTING,48.792832305873226
288,MEDIANFLOW,60.36914005405528
288,MOSSE,100.82153416718484
289,Fuse,49.13261435241817
289,CSRT,54.08803537691359
289,KCF,51.13642564530472
289,MIL,73.04127316939989
289,BOOSTING,48.81414436057619
289,MEDIANFLOW,60.267996254637666
289,MOSSE,100.64486619251421
290,Fuse,49.063882895781866
290,CSRT,54.00047892507928
290,KCF,51.535253496428794
290,MIL,72.96108269227415
290,BOOSTING,48.85376875584405
290,MEDIANFLOW,60.16276750408013
290,MOSSE,100.46763845543298
291,Fuse,49.00468247126584
291,CSRT,53.916347322412946
291,KCF,52.02751261559135
291,MIL,72.88126015781958
291,BOOSTING,48.879639709005545
291,MEDIANFLOW,60.066662060169314
291,MOSSE,100.29408021950155
292,Fuse,48.946268513188905
292,CSRT,53.8297035687674
292,KCF,52.547180567248425
292,MIL,72.78989353394188
292,BOOSTING,48.87502345870268
292,MEDIANFLOW,59.965720181610635
292,MOSSE,100.11802387700214
293,Fuse,48.86768892026881
293,CSRT,53.74062343803366
293,KCF,52.46822260722812
293,MIL,72.69606376603089
293,BOOSTING,48.87680612387381
293,MEDIANFLOW,59.8693558370204
293,MOSSE,99.944267623633
294,Fuse,48.785799545442885
294,CSRT,53.65057645302142
294,KCF,52.44437976831528
294,MIL,72.60977662145056
294,BOOSTING,48.87361771420831
294,MEDIANFLOW,59.773804398814136
294,MOSSE,99.77125623860096
295,Fuse,48.70668553921747
295,CSRT,53.562920389743184
295,KCF,52.468584705063094
295,MIL,72.51118273495214
295,BOOSTING,48.86357179585472
295,MEDIANFLOW,59.680824108615695
295,MOSSE,99.5993754357356
296,Fuse,48.62932703432619
296,CSRT,53.47552483853484
296,KCF,52.45385381133608
296,MIL,72.44001349775934
296,BOOSTING,48.832152569583954
296,MEDIANFLOW,59.60989594569419
296,MOSSE,99.43626562771661
297,Fuse,48.55112160801203
297,CSRT,53.38699951459828
297,KCF,52.41070269283514
297,MIL,72.3692062511592
297,BOOSTING,48.81017195120337
297,MEDIANFLOW,59.532813586593754
297,MOSSE,99.27132039518531
298,Fuse,48.47362486643956
298,CSRT,53.30049674271464
298,KCF,52.34381931876409
298,MIL,72.29568141901329
298,BOOSTING,48.79244143447962
298,MEDIANFLOW,59.532813586593754
298,MOSSE,99.10904152838961
299,Fuse,48.39641860027799
299,CSRT,53.21295640252466
299,KCF,52.26442834087691
299,MIL,72.2205649382501
299,BOOSTING,48.76662109817875
299,MEDIANFLOW,59.42432162002356
299,MOSSE,98.9467338538816
300,Fuse,48.31819368034738
300,CSRT,53.13184857816763
300,KCF,52.185577012815855
300,MIL,72.1432452869398
300,BOOSTING,48.7462750940846
300,MEDIANFLOW,59.31747014287564
300,MOSSE,98.7799702241427
301,Fuse,48.24067009957085
301,CSRT,53.0567927396102
301,KCF,52.10470228299938
301,MIL,72.06178364606066
301,BOOSTING,48.747932542337814
301,MEDIANFLOW,59.210501253127525
301,MOSSE,98.61182831144968
302,Fuse,48.16189008713919
302,CSRT,52.97250317584805
302,KCF,52.02079190763703
302,MIL,71.98533037208955
302,BOOSTING,48.74074338791522
302,MEDIANFLOW,59.10287482630674
302,MOSSE,98.44747965285856
303,Fuse,48.08305588414587
303,CSRT,52.888168959055335
303,KCF,51.93484838546457
303,MIL,71.92905861808711
303,BOOSTING,48.727052628850196
303,MEDIANFLOW,58.996363409301665
303,MOSSE,98.28404919039261
304,Fuse,48.004849481802275
304,CSRT,52.803228320365335
304,KCF,51.849331098033765
304,MIL,71.8686643679482
304,BOOSTING,48.70234114277142
304,MEDIANFLOW,58.88915932072607
304,MOSSE,98.12149400720973
305,Fuse,47.92661874484497
305,CSRT,52.72110349848873
305,KCF,51.76452249826791
305,MIL,71.80115060887374
305,BOOSTING,48.67281051737336
305,MEDIANFLOW,58.78113832023179
305,MOSSE,97.95843848338484
306,Fuse,47.85030267195857
306,CSRT,52.63566349819697
306,KCF,51.67975156007888
306,MIL,71.7434353873066
306,BOOSTING,48.63019396910023
306,MEDIANFLOW,58.67642208949939
306,MOSSE,97.79904963540822
307,Fuse,47.78034155341545
307,CSRT,52.55048758982488
307,KCF,51.599101932702645
307,MIL,71.69995200056354
307,BOOSTING,48.57689044920728
307,MEDIANFLOW,58.57982236432007
307,MOSSE,97.64776149114778
308,Fuse,47.71937927693582
308,CSRT,52.47036887986981
308,KCF,51.529062670247235
308,MIL,71.67178426824725
308,BOOSTING,48.520905980330824
308,MEDIANFLOW,58.49203946964648
308,MOSSE,97.50431701588752
309,Fuse,47.65873307915012
309,CSRT,52.38817648667212
309,KCF,51.46354781053044
309,MIL,71.63667289332892
309,BOOSTING,48.464985698024066
309,MEDIANFLOW,58.406453997937064
309,MOSSE,97.36290665967373
310,Fuse,47.59995406520521
310,CSRT,52.308082395275854
310,KCF,51.40315933523944
310,MIL,71.60785492849097
310,BOOSTING,48.40946068946
310,MEDIANFLOW,58.32292547843975
310,MOSSE,97.22355125646727
311,Fuse,47.53723237146291
311,CSRT,52.22847408093741
311,KCF,51.34312153572529
311,MIL,71.57475471715227
311,BOOSTING,48.37748867248496
311,MEDIANFLOW,58.23674197568086
311,MOSSE,97.08264728590999
312,Fuse,47.47180094523512
312,CSRT,52.147903564322185
312,KCF,51.285093074929485
312,MIL,71.53533053238097
312,BOOSTING,48.36918724519137
312,MEDIANFLOW,58.147950226327545
312,MOSSE,96.93762264757558
313,Fuse,47.40437911454667
313,CSRT,52.06612900089059
313,KCF,51.23318986350297
313,MIL,71.48234827319037
313,BOOSTING,48.37677233870433
313,MEDIANFLOW,58.05966293763386
313,MOSSE,96.78899920906805
314,Fuse,47.33604955318501
314,CSRT,51.98376767713964
314,KCF,51.178320090487
314,MIL,71.42661902093577
314,BOOSTING,48.38716214366637
314,MEDIANFLOW,57.96791845402484
314,MOSSE,96.63750134738929
315,Fuse,47.26715079528062
315,CSRT,51.90378767106669
315,KCF,51.11436533841582
315,MIL,71.36762997042102
315,BOOSTING,48.39329904444482
315,MEDIANFLOW,57.87137831926442
315,MOSSE,96.48372730440866
316,Fuse,47.197517712623814
316,CSRT,51.824191604337045
316,KCF,51.04476715558857
316,MIL,71.30533713615655
316,BOOSTING,48.392324129972465
316,MEDIANFLOW,57.773794993062
316,MOSSE,96.33007548895937
317,Fuse,47.12741994520625
317,CSRT,51.74512884921102
317,KCF,50.971169562629015
317,MIL,71.24280830967471
317,BOOSTING,48.38670876289955
317,MEDIANFLOW,57.67526480401079
317,MOSSE,96.1760109513191
318,Fuse,47.06015625994065
318,CSRT,51.66565225216371
318,KCF,50.90440722647563
318,MIL,71.18783929822455
318,BOOSTING,48.36479716710982
318,MEDIANFLOW,57.58484292134188
318,MOSSE,96.0246164985011
319,Fuse,46.99697463667209
319,CSRT,51.58655264497816
319,KCF,50.84301897622084
319,MIL,71.13251278423954
319,BOOSTING,48.31931549597945
319,MEDIANFLOW,57.49491710540808
319,MOSSE,95.87339671004314
320,Fuse,46.933272709533206
320,CSRT,51.508069756107155
320,KCF,50.78786787719063
320,MIL,71.06883153816008
320,BOOSTING,48.271267486958614
320,MEDIANFLOW,57.404627235704396
320,MOSSE,95.7216996863808
321,Fuse,46.874684263946996
321,CSRT,51.42935147507129
321,KCF,50.75280164680567
321,MIL,71.01484841673728
321,BOOSTING,48.2128111115656
321,MEDIANFLOW,57.32251415779518
321,MOSSE,95.57276335056207
322,Fuse,46.816948057161916
322,CSRT,51.352968066048014
322,KCF,50.727265367979335
322,MIL,70.96709218627048
322,BOOSTING,48.15953236147068
322,MEDIANFLOW,57.32251415779518
322,MOSSE,95.42599294673401
323,Fuse,46.767648679006335
323,CSRT,51.28624218804589
323,KCF,50.70297748126671
323,MIL,70.9275408383987
323,BOOSTING,48.130352836827726
323,MEDIANFLOW,57.32251415779518
323,MOSSE,95.27923533532446
324,Fuse,46.71148763337641
324,CSRT,51.212128434243304
324,KCF,50.68179123559365
324,MIL,70.87818368917846
324,BOOSTING,48.08825220363077
324,MEDIANFLOW,57.23839139491388
324,MOSSE,95.13318338332404
325,Fuse,46.65402618755645
325,CSRT,51.140650698306075
325,KCF,50.65585289084338
325,MIL,70.82409298564482
325,BOOSTING,48.05406592093683
325,MEDIANFLOW,57.15366713227303
325,MOSSE,94.98602029481468
326,Fuse,46.59500832946853
326,CSRT,51.06756020725361
326,KCF,50.62772119941953
326,MIL,70.7671808382392
326,BOOSTING,48.02264374153724
326,MEDIANFLOW,57.06840428964253
326,MOSSE,94.83898297803331
327,Fuse,46.53152616054268
327,CSRT,50.99724163554585
327,KCF,50.58619564845778
327,MIL,70.69554268903777
327,BOOSTING,47.99529956660136
327,MEDIANFLOW,57.06840428964253
327,MOSSE,94.6910901611685
328,Fuse,46.465760182105186
328,CSRT,50.92812366942066
328,KCF,50.58619564845778
328,MIL,70.63633909834091
328,BOOSTING,47.95352993716574
328,MEDIANFLOW,56.9779449164021
328,MOSSE,94.54579653962466
329,Fuse,46.428537462525036
329,CSRT,50.85189174078995
329,KCF,50.55069820175598
329,MIL,70.63090146971255
329,BOOSTING,47.88714637435381
329,MEDIANFLOW,56.93795984646503
329,MOSSE,94.42776696821319
330,Fuse,46.40879695753077
330,CSRT,50.778246356390675
330,KCF,50.53771834590236
330,MIL,70.65365933226158
330,BOOSTING,47.81633416196626
330,MEDIANFLOW,56.930202399126244
330,MOSSE,94.31771985412398
331,Fuse,46.40176175508753
331,CSRT,50.71036171729097
331,KCF,50.5478196054914
331,MIL,70.68240949520745
331,BOOSTING,47.74467736688007
331,MEDIANFLOW,56.95417593993075
331,MOSSE,94.2161418654607
332,Fuse,46.4118525816419
332,CSRT,50.6458290484024
332,KCF,50.580718568532525
332,MIL,70.72530713308404
332,BOOSTING,47.67498194969668
332,MEDIANFLOW,57.02499750228889
332,MOSSE,94.11688170240049
333,Fuse,46.414947004054866
333,CSRT,50.57581351706478
333,KCF,50.63628375610121
333,MIL,70.75577884187946
333,BOOSTING,47.60434489303062
333,MEDIANFLOW,57.12777827683707
333,MOSSE,94.01120456132928
334,Fuse,46.43329351089213
334,CSRT,50.50789942367052
334,KCF,50.73124913260285
334,MIL,70.7925284867848
334,BOOSTING,47.53641180990835
334,MEDIANFLOW,57.25836419485166
334,MOSSE,93.9060700913418
335,Fuse,46.438291107149716
335,CSRT,50.44077360420877
335,KCF,50.837106638865784
335,MIL,70.78913186694827
335,BOOSTING,47.47019741750757
335,MEDIANFLOW,57.38097034362313
335,MOSSE,93.7933368163893
336,Fuse,46.4276981689813
336,CSRT,50.370295479247154
336,KCF,50.94211226868404
336,MIL,70.76139536628695
336,BOOSTING,47.40813387246992
336,MEDIANFLOW,57.49149338885308
336,MOSSE,93.67153859554749
337,Fuse,46.41385097285268
337,CSRT,50.298633403455334
337,KCF,51.065658641961264
337,MIL,70.72147217938081
337,BOOSTING,47.34673185924747
337,MEDIANFLOW,57.61839635621775
337,MOSSE,93.54451267387729
338,Fuse,46.39207032231436
338,CSRT,50.22588031338463
338,KCF,51.22174017608799
338,MIL,70.67130696625459
338,BOOSTING,47.29805698641611
338,MEDIANFLOW,57.744177195627266
338,MOSSE,93.41314378661477
339,Fuse,46.363049435311915
339,CSRT,50.154686973090875
339,KCF,51.3763388138059
339,MIL,70.61157212275519
339,BOOSTING,47.24691088563669
339,MEDIANFLOW,57.842637942261945
339,MOSSE,93.27745213567465
340,Fuse,46.32367319143867
340,CSRT,50.08428190677837
340,KCF,51.52637630982118
340,MIL,70.55446514090832
340,BOOSTING,47.19799811848975
340,MEDIANFLOW,57.9200465130983
340,MOSSE,93.13987765622173
341,Fuse,46.286357607666595
341,CSRT,50.01902863717419
341,KCF,51.68009150927541
341,MIL,70.5031001765378
341,BOOSTING,47.16590725320084
341,MEDIANFLOW,58.01726726010139
341,MOSSE,93.00054256525169
342,Fuse,46.24614080502935
342,CSRT,49.949506667976905
342,KCF,51.901178724005646
342,MIL,70.47634675474491
342,BOOSTING,47.11755659986722
342,MEDIANFLOW,58.01726726010139
342,MOSSE,92.86775937701586
343,Fuse,46.21574784461688
343,CSRT,49.87956340507653
343,KCF,52.15345055403412
343,MIL,70.45314293086724
343,BOOSTING,47.06214965588119
343,MEDIANFLOW,57.96133579696401
343,MOSSE,92.74141256668038
344,Fuse,46.19197496020968
344,CSRT,49.81080484262192
344,KCF,52.414341147196886
344,MIL,70.43671226556935
344,BOOSTING,47.00391596390698
344,MEDIANFLOW,57.96133579696401
344,MOSSE,92.62325122055837
345,Fuse,46.153645138142366
345,CSRT,49.74141831162611
345,KCF,52.70327853666335
345,MIL,70.42831390033365
345,BOOSTING,47.13076753623808
345,MEDIANFLOW,57.927540945564054
345,MOSSE,92.51484734274798
346,Fuse,46.11016128862922
346,CSRT,49.67195857028483
346,KCF,53.04005178186816
346,MIL,70.41760979650225
346,BOOSTING,47.5821752400662
346,MEDIANFLOW,57.91096388907796
346,MOSSE,92.42119730258516
347,Fuse,46.07833160692953
347,CSRT,49.603964701634865
347,KCF,53.46341021562372
347,MIL,70.42094287498783
347,BOOSTING,47.87585718448731
347,MEDIANFLOW,57.91096388907796
347,MOSSE,92.35533285905859
348,Fuse,46.10490094466616
348,CSRT,49.53357157164904
348,KCF,54.07856626686555
348,MIL,70.49028057938526
348,BOOSTING,47.97151733731902
348,MEDIANFLOW,57.905122893652425
348,MOSSE,92.34911630025015
349,Fuse,46.14121182382869
349,CSRT,49.46348252147095
349,KCF,54.7780167943246
349,MIL,70.57002601266753
349,BOOSTING,48.17026350056937
349,MEDIANFLOW,57.92519246474648
349,MOSSE,92.37331785069901
350,Fuse,46.08069226292287
350,CSRT,49.396703186693394
350,KCF,54.723836450509104
350,MIL,70.47306571629328
350,BOOSTING,48.1449911303364
350,MEDIANFLOW,57.837681583922745
350,MOSSE,92.2435150643587
351,Fuse,46.02309202997991
351,CSRT,49.33567215523213
351,KCF,54.67075193811139
351,MIL,70.38762400902849
351,BOOSTING,48.11967207815418
351,MEDIANFLOW,57.75440215032907
351,MOSSE,92.11372148306647
352,Fuse,45.9679651971088
352,CSRT,49.28183096878974
352,KCF,54.640147458491676
352,MIL,70.31320057882014
352,BOOSTING,48.186459137320256
352,MEDIANFLOW,57.67622234330376
352,MOSSE,91.98863127595533
353,Fuse,45.91385325698503
353,CSRT,49.233760498305756
353,KCF,54.593916570399365
353,MIL,70.23996399751982
353,BOOSTING,48.29280396968308
353,MEDIANFLOW,57.597631717694604
353,MOSSE,91.86236016638824
354,Fuse,45.88113853469023
354,CSRT,49.20164895495888
354,KCF,54.53457514608174
354,MIL,70.16033950485573
354,BOOSTING,48.643949292968614
354,MEDIANFLOW,57.597631717694604
354,MOSSE,91.74416153887172
355,Fuse,45.85884547025981
355,CSRT,49.17886297364226
355,KCF,54.48041985253768
355,MIL,70.08171394317839
355,BOOSTING,48.990912938644016
355,MEDIANFLOW,57.54026233114844
355,MOSSE,91.63274587887265
356,Fuse,45.927875499517285
356,CSRT,49.20577064906655
356,KCF,54.489801046426074
356,MIL,70.01742480204742
356,BOOSTING,49.50446320030852
356,MEDIANFLOW,57.54350334373172
356,MOSSE,91.56673979266331
357,Fuse,45.86916662560346
357,CSRT,49.141965499044126
357,KCF,54.416753840995966
357,MIL,69.9226228366581
357,BOOSTING,49.46140078483186
357,MEDIANFLOW,57.45709234130683
357,MOSSE,91.43745173710238
358,Fuse,45.81195669303558
358,CSRT,49.07903214864821
358,KCF,54.34608717296247
358,MIL,69.8291987040053
358,BOOSTING,49.402756117222
358,MEDIANFLOW,57.37120964562741
358,MOSSE,91.30739673035487
359,Fuse,45.760244754590204
359,CSRT,49.02100055916573
359,KCF,54.27735082264913
359,MIL,69.73700595809946
359,BOOSTING,49.362716474863674
359,MEDIANFLOW,57.37120964562741
359,MOSSE,91.17803892719286
360,Fuse,45.69769992454054
360,CSRT,48.9534359252636
360,KCF,54.202135644085914
360,MIL,69.64070831667097
360,BOOSTING,49.29949739311037
360,MEDIANFLOW,57.37120964562741
360,MOSSE,91.04783409002957
361,Fuse,45.637473697881894
361,CSRT,48.88674797349301
361,KCF,54.12916564862381
361,MIL,69.54733274333896
361,BOOSTING,49.23486389952165
361,MEDIANFLOW,57.28287768356072
361,MOSSE,90.92226784251127
362,Fuse,45.57940427061231
362,CSRT,48.82033812218675
362,KCF,54.05953508247489
362,MIL,69.4561121511384
362,BOOSTING,49.17610452443694
362,MEDIANFLOW,57.19573586604041
362,MOSSE,90.80066901875159
363,Fuse,45.53283442735595
363,CSRT,48.76395046562342
363,KCF,54.000025648911524
363,MIL,69.36968967895017
363,BOOSTING,49.1418388918275
363,MEDIANFLOW,57.10887144299179
363,MOSSE,90.6913592141123
364,Fuse,45.50526087303849
364,CSRT,48.73191408665835
364,KCF,53.955399015046936
364,MIL,69.29288642847143
364,BOOSTING,49.138886200099215
364,MEDIANFLOW,57.024638315380834
364,MOSSE,90.59905392126659
365,Fuse,45.49656205110387
365,CSRT,48.721855240561105
365,KCF,53.927024458448926
365,MIL,69.22105636877224
365,BOOSTING,49.168106860448034
365,MEDIANFLOW,56.94463617220718
365,MOSSE,90.52494894649972
366,Fuse,45.52946167163622
366,CSRT,48.74350173867932
366,KCF,53.92011796054531
366,MIL,69.15821217054923
366,BOOSTING,49.22328595399734
366,MEDIANFLOW,56.94463617220718
366,MOSSE,90.46689185954867
367,Fuse,45.65995534096732
367,CSRT,48.867808118430354
367,KCF,53.99175482461277
367,MIL,69.14119925762503
367,BOOSTING,49.38471973675927
367,MEDIANFLOW,56.94463617220718
367,MOSSE,90.46997216769033
368,Fuse,45.59994532398186
368,CSRT,48.802842041261776
368,KCF,53.92002274164039
368,MIL,69.05045090111793
368,BOOSTING,49.31921353639206
368,MEDIANFLOW,56.857482286199286
368,MOSSE,90.46997216769033
369,Fuse,45.56581221972503
369,CSRT,48.77104854472335
369,KCF,53.88419816596607
369,MIL,68.98720993876427
369,BOOSTING,49.28392644062976
369,MEDIANFLOW,56.80813398350016
369,MOSSE,90.34236513315946
370,Fuse,45.52677598442908
370,CSRT,48.73311211297936
370,KCF,53.84526441573112
370,MIL,68.92094772302853
370,BOOSTING,49.26481059886781
370,MEDIANFLOW,56.7557578522454
370,MOSSE,90.2191697564841
371,Fuse,45.48280426568889
371,CSRT,48.69155906857267
371,KCF,53.796162505061666
371,MIL,68.84344089917869
371,BOOSTING,49.230121254265434
371,MEDIANFLOW,56.69391501739847
371,MOSSE,90.09518998496516
372,Fuse,45.4337451799033
372,CSRT,48.653150280922866
372,KCF,53.739763324396606
372,MIL,68.75616472482712
372,BOOSTING,49.18308521548514
372,MEDIANFLOW,56.62469274283843
372,MOSSE,89.97231133366914
373,Fuse,45.375615963468434
373,CSRT,48.60035635743534
373,KCF,53.67213535166592
373,MIL,68.66443630318554
373,BOOSTING,49.11971080233283
373,MEDIANFLOW,56.62469274283843
373,MOSSE,89.85422707310451
374,Fuse,45.31557495313651
374,CSRT,48.54043465803993
374,KCF,53.60125078784548
374,MIL,68.5728420489239
374,BOOSTING,49.05575059732209
374,MEDIANFLOW,56.53904499160462
374,MOSSE,89.74155091707958
375,Fuse,45.255421680604876
375,CSRT,48.4805665533452
375,KCF,53.52977673518763
375,MIL,68.48163288468807
375,BOOSTING,48.99191205503732
375,MEDIANFLOW,56.45365571778713
375,MOSSE,89.63805305536012
376,Fuse,45.20269703932109
376,CSRT,48.417647784886
376,KCF,53.4605907127698
376,MIL,68.39419988748561
376,BOOSTING,48.92889877443099
376,MEDIANFLOW,56.37084115500492
376,MOSSE,89.56586582694123
377,Fuse,45.14362734591772
377,CSRT,48.36024739237237
377,KCF,53.389462131273305
377,MIL,68.3037489190902
377,BOOSTING,48.86467654407029
377,MEDIANFLOW,56.285635176950144
377,MOSSE,89.49202871999209
378,Fuse,45.085494862158264
378,CSRT,48.30152209855334
378,KCF,53.318617761528664
378,MIL,68.21377231548799
378,BOOSTING,48.80116893794413
378,MEDIANFLOW,56.201031051384376
378,MOSSE,89.43169207953838
379,Fuse,45.03133412005
379,CSRT,48.24065660693347
379,KCF,53.24857876585585
379,MIL,68.12521366456112
379,BOOSTING,48.73761651084196
379,MEDIANFLOW,56.11710539641446
379,MOSSE,89.39744876758982
380,Fuse,44.97409578122258
380,CSRT,48.184377245392675
380,KCF,53.17822186218039
380,MIL,68.03825926939525
380,BOOSTING,48.67752368738531
380,MEDIANFLOW,56.03417554340234
380,MOSSE,89.35661967337425
381,Fuse,44.91731787435864
381,CSRT,48.12557393051778
381,KCF,53.108044399575
381,MIL,67.95164973398866
381,BOOSTING,48.616056425921435
381,MEDIANFLOW,55.95293145959518
381,MOSSE,89.32397899804798
382,Fuse,44.865304650227245
382,CSRT,48.06395717226778
382,KCF,53.03883879811691
382,MIL,67.86359379611635
382,BOOSTING,48.55324659144011
382,MEDIANFLOW,55.87416565873446
382,MOSSE,89.3112611174975
383,Fuse,44.80722597974572
383,CSRT,48.013270576331614
383,KCF,52.97010497438508
383,MIL,67.77828437879889
383,BOOSTING,48.49420068420553
383,MEDIANFLOW,55.79610521481636
383,MOSSE,89.27219307556939
384,Fuse,44.7499256329644
384,CSRT,47.95823378211504
384,KCF,52.9008259122573
384,MIL,67.70142625442331
384,BOOSTING,48.43421029884484
384,MEDIANFLOW,55.717520911276345
384,MOSSE,89.24230892293755
385,Fuse,44.693370977432714
385,CSRT,47.89994984136408
385,KCF,52.832337395515914
385,MIL,67.62719736788002
385,BOOSTING,48.373064487125966
385,MEDIANFLOW,55.63780269526643
385,MOSSE,89.22899480277425
386,Fuse,44.63573498005048
386,CSRT,47.84528173661389
386,KCF,52.76500576455321
386,MIL,67.55969702047743
386,BOOSTING,48.314163533407225
386,MEDIANFLOW,55.55984840838069
386,MOSSE,89.21575048594777
387,Fuse,44.5823690360436
387,CSRT,47.78483212148551
387,KCF,52.69774139421867
387,MIL,67.48315941124653
387,BOOSTING,48.252129913995645
387,MEDIANFLOW,55.48022965302993
387,MOSSE,89.23624558934402
388,Fuse,44.53778615834974
388,CSRT,47.72345702603138
388,KCF,52.63743422570372
388,MIL,67.4013227121093
388,BOOSTING,48.19169626283086
388,MEDIANFLOW,55.39958817086519
388,MOSSE,89.28827908993331
389,Fuse,44.50427810032165
389,CSRT,47.664368566554295
389,KCF,52.58444666446298
389,MIL,67.31708359391206
389,BOOSTING,48.137250355570494
389,MEDIANFLOW,55.322446614509055
389,MOSSE,89.37496868104608
390,Fuse,44.46369823078211
390,CSRT,47.60349049904122
390,KCF,52.52726341683769
390,MIL,67.23560513943094
390,BOOSTING,48.0796174731901
390,MEDIANFLOW,55.242508033918504
390,MOSSE,89.45246782509692
391,Fuse,44.4097341783974
391,CSRT,47.54650435864179
391,KCF,52.47158614131166
391,MIL,67.15472919356628
391,BOOSTING,48.021572533304536
391,MEDIANFLOW,55.16291937904125
391,MOSSE,89.33894340381823
392,Fuse,44.355291200784166
392,CSRT,47.49167488806295
392,KCF,52.41760322835381
392,MIL,67.07416805563997
392,BOOSTING,47.964045057945334
392,MEDIANFLOW,55.083967524687885
392,MOSSE,89.22990601430081
393,Fuse,44.30246180323856
393,CSRT,47.440869852011794
393,KCF,52.37207041535395
393,MIL,66.99282104125777
393,BOOSTING,47.91206518036679
393,MEDIANFLOW,55.007382583870715
393,MOSSE,89.12819968357927
394,Fuse,44.250495241453784
394,CSRT,47.39053644096505
394,KCF,52.32777874677492
394,MIL,66.91093645826159
394,BOOSTING,47.86079498088735
394,MEDIANFLOW,54.93449072207161
394,MOSSE,89.02229124062619
395,Fuse,44.19941610291231
395,CSRT,47.33823888527639
395,KCF,52.28163115993037
395,MIL,66.8308017354727
395,BOOSTING,47.81009888669501
395,MEDIANFLOW,54.93449072207161
395,MOSSE,88.91099926034846
396,Fuse,44.15446895234361
396,CSRT,47.29426471304396
396,KCF,52.24639010676065
396,MIL,66.75112618036948
396,BOOSTING,47.76936087902927
396,MEDIANFLOW,54.863807344385414
396,MOSSE,88.79474399805312
397,Fuse,44.10765154282322
397,CSRT,47.2459932596744
397,KCF,52.20730343204454
397,MIL,66.67098394731033
397,BOOSTING,47.72247555782112
397,MEDIANFLOW,54.78985642217159
397,MOSSE,88.67918234963014
398,Fuse,44.064318449296394
398,CSRT,47.19895344210665
398,KCF,52.17334645974016
398,MIL,66.5902632364127
398,BOOSTING,47.67696227560617
398,MEDIANFLOW,54.78985642217159
398,MOSSE,88.56506215764173
399,Fuse,44.01741132779164
399,CSRT,47.14769094987327
399,KCF,52.133934277728926
399,MIL,66.510224777849
399,BOOSTING,47.62751305705558
399,MEDIANFLOW,54.78985642217159
399,MOSSE,88.45075725132789
400,Fuse,43.96739894030644
400,CSRT,47.09458567606259
400,KCF,52.086852477424905
400,MIL,66.4304147209695
400,BOOSTING,47.575691104175256
400,MEDIANFLOW,54.78985642217159
400,MOSSE,88.33647303086346
401,Fuse,43.9183434970217
401,CSRT,47.03755065976358
401,KCF,52.0445153589441
401,MIL,66.34972546779483
401,BOOSTING,47.524044712867685
401,MEDIANFLOW,54.71789991792971
401,MOSSE,88.22234040848303
402,Fuse,43.8661114302365
402,CSRT,46.98377511841837
402,KCF,51.99350921028508
402,MIL,66.2694701948095
402,BOOSTING,47.4711614167286
402,MEDIANFLOW,54.64198421311619
402,MOSSE,88.10882688287822
403,Fuse,43.81280499109956
403,CSRT,46.92779946133079
403,KCF,51.94328385994299
403,MIL,66.18951563652675
403,BOOSTING,47.41827257774607
403,MEDIANFLOW,54.566212906056535
403,MOSSE,87.99592891239139
404,Fuse,43.759048447008695
404,CSRT,46.8879536557078
404,KCF,51.891342657384286
404,MIL,66.11092436948415
404,BOOSTING,47.36608152478254
404,MEDIANFLOW,54.49063645945397
404,MOSSE,87.88523715633762
405,Fuse,43.70585739284095
405,CSRT,46.87819783330803
405,KCF,51.851357508113935
405,MIL,66.03044528422852
405,BOOSTING,47.31234646557723
405,MEDIANFLOW,54.415538658159285
405,MOSSE,87.77355772610242
406,Fuse,43.652835240909894
406,CSRT,46.86473040213743
406,KCF,51.807454832655345
406,MIL,65.95393374106942
406,BOOSTING,47.270121360795905
406,MEDIANFLOW,54.34221247187151
406,MOSSE,87.6670929230899
407,Fuse,43.59944683944835
407,CSRT,46.848309764218044
407,KCF,51.771315762712355
407,MIL,65.87681611888043
407,BOOSTING,47.226405043506475
407,MEDIANFLOW,54.2684494595301
407,MOSSE,87.56104284720344
408,Fuse,43.547517817534214
408,CSRT,46.805134208068395
408,KCF,51.764743503186985
408,MIL,65.79864818284253
408,BOOSTING,47.18058218126738
408,MEDIANFLOW,54.19624057992583
408,MOSSE,87.45284443630179
409,Fuse,43.4948833548129
409,CSRT,46.764875122598944
409,KCF,51.774102981681295
409,MIL,65.72334848883892
409,BOOSTING,47.142803294235954
409,MEDIANFLOW,54.12281708862666
409,MOSSE,87.35244265948538
410,Fuse,43.44400988782942
410,CSRT,46.73125031600975
410,KCF,51.81838098438755
410,MIL,65.65114616441002
410,BOOSTING,47.11790873543703
410,MEDIANFLOW,54.05359457382067
410,MOSSE,87.25862911156914
411,Fuse,43.392205465332495
411,CSRT,46.7094086501605
411,KCF,51.91819312636094
411,MIL,65.57928944326476
411,BOOSTING,47.094848521696655
411,MEDIANFLOW,53.98374240865897
411,MOSSE,87.16513122235348
412,Fuse,43.34000383252625
412,CSRT,46.68963835903088
412,KCF,52.07124575181913
412,MIL,65.50520745246007
412,BOOSTING,47.06684752129911
412,MEDIANFLOW,53.91328833673363
412,MOSSE,87.06835960515446
413,Fuse,43.289526352080124
413,CSRT,46.696381638317334
413,KCF,52.205773841448114
413,MIL,65.43907813271748
413,BOOSTING,47.070278426105695
413,MEDIANFLOW,53.91328833673363
413,MOSSE,86.98584763306161
414,Fuse,43.23873207908887
414,CSRT,46.73517228493349
414,KCF,52.379820838448474
414,MIL,65.37084203184021
414,BOOSTING,47.075125808430066
414,MEDIANFLOW,53.84033588264287
414,MOSSE,86.90649773389173
415,Fuse,43.19964276027505
415,CSRT,46.79040680176545
415,KCF,52.51705591736462
415,MIL,65.32641782146496
415,BOOSTING,47.12883834602921
415,MEDIANFLOW,53.78251787198269
415,MOSSE,86.85253306611155
416,Fuse,43.163928229944595
416,CSRT,46.83535502981942
416,KCF,52.669074426708725
416,MIL,65.29525269099443
416,BOOSTING,47.20710530594845
416,MEDIANFLOW,53.733264708779195
416,MOSSE,86.80677657218281
417,Fuse,43.137257290040786
417,CSRT,46.89786852238005
417,KCF,52.80457263879961
417,MIL,65.27320207474817
417,BOOSTING,47.28486916207595
417,MEDIANFLOW,53.70252921265084
417,MOSSE,86.77307856806225
418,Fuse,43.13006913931177
418,CSRT,46.989844163877095
418,KCF,52.91452650628762
418,MIL,65.27642708646226
418,BOOSTING,47.41249948482539
418,MEDIANFLOW,53.695432334155875
418,MOSSE,86.74805938147327
419,Fuse,43.11869001455666
419,CSRT,47.09944792910773
419,KCF,53.022392446205444
419,MIL,65.27387357456712
419,BOOSTING,47.53171873301328
419,MEDIANFLOW,53.683221618851704
419,MOSSE,86.71262427075305
420,Fuse,43.09771805632762
420,CSRT,47.212538689672364
420,KCF,53.13979037006227
420,MIL,65.26745632477865
420,BOOSTING,47.62948347360063
420,MEDIANFLOW,53.683221618851704
420,MOSSE,86.66960108992322
421,Fuse,43.07020610617548
421,CSRT,47.31686787762075
421,KCF,53.28228961516992
421,MIL,65.25447815614864
421,BOOSTING,47.7172507481031
421,MEDIANFLOW,53.683221618851704
421,MOSSE,86.61782601318987
422,Fuse,43.04148858895007
422,CSRT,47.39418245740385
422,KCF,53.44884069302693
422,MIL,65.24083407084896
422,BOOSTING,47.800214644858684
422,MEDIANFLOW,53.62911076774563
422,MOSSE,86.56258476432575
423,Fuse,43.01244883422683
423,CSRT,47.46908910863766
423,KCF,53.59193047350025
423,MIL,65.21739769619876
423,BOOSTING,47.905764414639535
423,MEDIANFLOW,53.5722038916666
423,MOSSE,86.49936245939824
424,Fuse,42.979338401280266
424,CSRT,47.52082463073327
424,KCF,53.71993813803682
424,MIL,65.18702505325824
424,BOOSTING,47.96785688476865
424,MEDIANFLOW,53.5722038916666
424,MOSSE,86.42787458981314
425,Fuse,42.938513742808034
425,CSRT,47.56254087112722
425,KCF,53.84853110903279
425,MIL,65.1480978071296
425,BOOSTING,47.99190561641448
425,MEDIANFLOW,53.5066805629434
425,MOSSE,86.34745466329201
426,Fuse,42.89653147024811
426,CSRT,47.590117133983725
426,KCF,53.9743780933698
426,MIL,65.10159597578885
426,BOOSTING,48.03328763796494
426,MEDIANFLOW,53.43795051511673
426,MOSSE,86.26171065461679
427,Fuse,42.85306889848954
427,CSRT,47.62777710774275
427,KCF,54.08368243640916
427,MIL,65.05412915123965
427,BOOSTING,48.037125440233694
427,MEDIANFLOW,53.36975402942466
427,MOSSE,86.17629818535976
428,Fuse,42.81670697602043
428,CSRT,47.66523155367464
428,KCF,54.172390452369214
428,MIL,65.01557998684346
428,BOOSTING,48.081758265016454
428,MEDIANFLOW,53.30621238486538
428,MOSSE,86.09589788114913
429,Fuse,42.77898853952856
429,CSRT,47.70035649053379
429,KCF,54.26666743388054
429,MIL,64.97310713797509
429,BOOSTING,48.12111657541953
429,MEDIANFLOW,53.30621238486538
429,MOSSE,86.0161483547001
430,Fuse,42.74768144755375
430,CSRT,47.76049744589214
430,KCF,54.35958934052968
430,MIL,64.94102268146193
430,BOOSTING,48.18217556071271
430,MEDIANFLOW,53.30621238486538
430,MOSSE,85.96175950028909
431,Fuse,42.700832674681074
431,CSRT,47.7963341603175
431,KCF,54.589483007367406
431,MIL,64.88312141415858
431,BOOSTING,48.23162190774691
431,MEDIANFLOW,53.30621238486538
431,MOSSE,85.91045203716932
432,Fuse,42.65420333748666
432,CSRT,47.85450073651109
432,KCF,54.926314276492285
432,MIL,64.83281038594899
432,BOOSTING,48.338920863087665
432,MEDIANFLOW,53.30621238486538
432,MOSSE,85.89460107599777
433,Fuse,42.618363234556845
433,CSRT,47.93529125608819
433,KCF,55.28993396762065
433,MIL,64.80397595471416
433,BOOSTING,48.54685607763948
433,MEDIANFLOW,53.24517000012533
433,MOSSE,85.95439427240962
434,Fuse,42.60697153035528
434,CSRT,48.03287084932203
434,KCF,55.658557293555496
434,MIL,64.81804772086882
434,BOOSTING,48.7982004567391
434,MEDIANFLOW,53.22087309818708
434,MOSSE,86.10103960742701
435,Fuse,42.64995133202209
435,CSRT,48.1513657437513
435,KCF,55.99138006901002
435,MIL,64.91266185980028
435,BOOSTING,49.096959864027305
435,MEDIANFLOW,53.303277213527195
435,MOSSE,86.36999589253313
436,Fuse,42.71484931967741
436,CSRT,48.32278699660509
436,KCF,56.28390427275219
436,MIL,65.09746257625774
436,BOOSTING,49.16313385024511
436,MEDIANFLOW,53.52435673528202
436,MOSSE,86.75786054183058
437,Fuse,42.7517256454298
437,CSRT,48.52643243953675
437,KCF,56.57358142227279
437,MIL,65.30654795255566
437,BOOSTING,49.24829923123183
437,MEDIANFLOW,53.52435673528202
437,MOSSE,87.21712569339813
438,Fuse,42.84266921235394
438,CSRT,48.83648516329797
438,KCF,56.826147231484136
438,MIL,65.52481315465283
438,BOOSTING,49.34991974246462
438,MEDIANFLOW,53.58610733642536
438,MOSSE,87.79325057392337
439,Fuse,42.95967982782334
439,CSRT,49.25855729688383
439,KCF,57.07728912306929
439,MIL,65.72919650145795
439,BOOSTING,49.433863071601216
439,MEDIANFLOW,53.694754390689944
439,MOSSE,88.42296241937875
440,Fuse,43.097737365044985
440,CSRT,49.68249188597528
440,KCF,57.34494679023104
440,MIL,65.92459445605267
440,BOOSTING,49.541846532231006
440,MEDIANFLOW,53.85267427264675
440,MOSSE,89.09557327090155
441,Fuse,43.2624841396868
441,CSRT,50.146180869357465
441,KCF,57.624481477959044
441,MIL,66.11066411330522
441,BOOSTING,49.69076318292321
441,MEDIANFLOW,54.06018809630497
441,MOSSE,89.80495296733243
442,Fuse,43.45805689171585
442,CSRT,50.64250088539864
442,KCF,57.8996192482378
442,MIL,66.2713315885473
442,BOOSTING,49.892027889760065
442,MEDIANFLOW,54.31448082440935
442,MOSSE,90.54460517850903
443,Fuse,43.66766383566752
443,CSRT,51.160659618018904
443,KCF,58.17718654260968
443,MIL,66.4026924722753
443,BOOSTING,50.13600871000173
443,MEDIANFLOW,54.61180354247495
443,MOSSE,91.3278729295267
444,Fuse,43.89676346493702
444,CSRT,51.56844048499096
444,KCF,58.44133075376957
444,MIL,66.55080006103643
444,BOOSTING,50.44859437246298
444,MEDIANFLOW,54.9666565595301
444,MOSSE,92.17560771344367
445,Fuse,44.23267059518408
445,CSRT,52.073004069373496
445,KCF,58.610683237923894
445,MIL,66.73396080455346
445,BOOSTING,50.84955388245646
445,MEDIANFLOW,55.505095121219135
445,MOSSE,93.22386160255873
